IEBC_WARDS,COUNT,FIRST_PROV,FIRST_DIST,FIRST_DIVI,PCODE,STATUS,NO,SHAPE_1,STATUS_1
Got Kachola,5,Nyanza,Migori,Nyatike,KE0001,,1287,Polygon,done
Kachieng',8,Nyanza,Migori,Karungu,KE0003,,1282,Polygon,
Kendu Bay Town,6,Nyanza,Rachuonyo,East Karachuonyo,KE0004,,1236,Polygon,
Abakaile,2,North Eastern,Garissa,Dadaab,KE0005,,151,Polygon,
Abogeta East,10,Eastern,Meru Central,Abogeta,KE0006,,293,Polygon,
Abogeta West,3,Eastern,Meru Central,Abogeta,KE0007,,294,Polygon,
Abothuguchi Central,10,Eastern,Meru Central,Abothuguchi Central,KE0008,,286,Polygon,
Abothuguchi West,22,Eastern,Meru Central,Abothuguchi West,KE0009,,287,Polygon,
Adamsajide,3,North Eastern,Wajir,Hadado,KE0010,,178,Polygon,spelling
Adu,8,Coast,Malindi,Malindi,KE0011,,83,Polygon,
Baraki,2,North Eastern,Garissa,Shant-abak,KE0012,,145,Polygon,done
Ageng'a/Nanguba,7,Western,Busia,Funyula,KE0013,,1150,Polygon,spelling
Ahero,7,Nyanza,Nyando,Kadibo,KE0014,,1208,Polygon,
Ainabkoi/Olare,11,Rift Valley,Uasin Gishu,Ainabkoi,KE0015,,721,Polygon,
Ainamoi,2,Rift Valley,Kericho,Ainamoi,KE0016,,945,Polygon,
Airbase,1,Nairobi,Nairobi,Pumwani,KE0017,,1437,Polygon,
Airport,1,Coast,Mombasa,Changamwe,KE0018,,3,Polygon,
Akachiu,8,Eastern,Meru North,Igembe South West,KE0019,,254,Polygon,
Akirang'ondu,2,Eastern,Meru North,Laare,KE0020,,256,Polygon,
Akithi,10,Eastern,Meru North,Akithi,KE0021,,267,Polygon,spelling
Alale,15,Rift Valley,West Pokot,Alale,KE0022,,656,Polygon,
Alango Gof,1,North Eastern,Mandera,Lafey,KE0023,,220,Polygon,spelling
Amalo,5,Rift Valley,Nakuru,Gilgil,KE0024,,849,Polygon,
Amuathi,2,Eastern,Meru North,Mutuati,KE0025,,265,Polygon,spelling
Amukura Central,5,Western,Teso,Amukura,KE0026,,1132,Polygon,
Amukura East,9,Western,Teso,Amukura,KE0027,,1131,Polygon,
Amukura West,6,Western,Teso,Amukura,KE0028,,1130,Polygon,
Angata Barikoi,5,Rift Valley,Transmara,Lolgorian,KE0029,,883,Polygon,done
Ang'orom,3,Western,Teso,Chakol,KE0030,,1127,Polygon,
Ang'urai East,7,Western,Teso,Ang'urai,KE0031,,1125,Polygon,spelling
Ang'urai North,8,Western,Teso,Ang'urai,KE0032,,1124,Polygon,
Ang'urai South,8,Western,Teso,Ang'urai,KE0033,,1123,Polygon,
Angata Nanyokie,6,Rift Valley,Samburu,Kirisia,KE0034,,670,Polygon,spelling
Antuambui,2,Eastern,Meru North,Laare,KE0035,,261,Polygon,
Arabia,5,North Eastern,Mandera,Fino,KE0036,,211,Polygon,
Arbajahan,5,North Eastern,Wajir,Griftu,KE0037,,176,Polygon,
Arror,6,Rift Valley,Elgeyo Marakwet,Tunyo,KE0038,,740,Polygon,
As-habito,4,North Eastern,Mandera,As-habito,KE0039,,201,Polygon,spelling
Athi,9,Eastern,Kitui,Ikutha,KE0040,,370,Polygon,
Athi River,2,Eastern,Machakos,Athi River,KE0041,,394,Polygon,
Athiru Gaiti,6,Eastern,Meru North,Igembe South East,KE0042,,253,Polygon,
Athiru Runjine,3,Eastern,Meru North,Ndoleli,KE0043,,257,Polygon,spelling
Athwana,6,Eastern,Meru North,Akithi,KE0044,,266,Polygon,
Atuabetwe Kiongo,7,Eastern,Meru North,Ndoleli,KE0045,,263,Polygon,spelling
Awasi/Onjiko,5,Nyanza,Nyando,Nyando,KE0046,,1207,Polygon,
Baawa,7,Rift Valley,Samburu,Kirisia,KE0047,,671,Polygon,
Babadogo,1,Nairobi,Nairobi,Kasarani,KE0048,,1401,Polygon,
Bahari,4,Coast,Lamu,Mpeketoni,KE0049,,110,Polygon,
Bahati,4,Rift Valley,Nakuru,Bahati,KE0050,,869,Polygon,
Balambala,5,North Eastern,Garissa,Balambala,KE0051,,135,Polygon,
Bamba,10,Coast,Kilifi,Bamba,KE0052,,72,Polygon,
Bamburi,1,Coast,Mombasa,Kisauni,KE0053,,11,Polygon,
Banane,7,North Eastern,Wajir,Sabule,KE0054,,184,Polygon,done
Bangale,4,Coast,Tana River,Bangale,KE0055,,98,Polygon,
Banissa,2,North Eastern,Mandera,Malkamari,KE0056,,196,Polygon,
Banja,4,Western,Vihiga,Tiriki West,KE0057,,1064,Polygon,
Baragwi,4,Central,Kirinyaga,Gichugu,KE0058,,505,Polygon,
Malindi Town,1,Coast,Malindi,Malindi,KE0059,,78,Polygon,done
Bartabwa,8,Rift Valley,Baringo,Bartabwa,KE0060,,792,Polygon,
Tirioko,10,Rift Valley,Baringo,Kabartonjo,KE0061,,781,Polygon,done
Barut,7,Rift Valley,Nakuru,Bahati,KE0062,,870,Polygon,
Barwago,3,North Eastern,Wajir,Central,KE0063,,170,Polygon,
Bassi Bogetaorio,6,Nyanza,Gucha (kisii South),Nyacheki,KE0064,,1319,Polygon,
Bassi Central,4,Nyanza,Gucha (kisii South),Nyamache,KE0065,,1317,Polygon,spelling
Basuba,4,Coast,Lamu,Kiunga,KE0066,,103,Polygon,
Batalu,2,North Eastern,Wajir,Buna,KE0067,,165,Polygon,
Batei,8,Rift Valley,West Pokot,Chepareria,KE0068,,658,Polygon,
Benane,2,North Eastern,Garissa,Benane,KE0069,,184,Polygon,
Biashara,6,Rift Valley,Nakuru,Olenguruone,KE0070,,570,Polygon,
Bibirioni,1,Central,Kiambu,Limuru,KE0071,,601,Polygon,
Bidii,1,Rift Valley,Trans Nzoia,Central,KE0072,,679,Polygon,
Birongo,2,Nyanza,Kisii Central,Keumbu,KE0073,,1335,Polygon,
Bobaracho,4,Nyanza,Kisii Central,Kiogoro,KE0074,,1331,Polygon,
Bobasi Chache,4,Nyanza,Gucha (kisii South),Sameta,KE0075,,1320,Polygon,
Bobasi/Boitangare,3,Nyanza,Gucha (kisii South),Sameta,KE0076,,1322,Polygon,
Bofu,1,Coast,Mombasa,Likoni,KE0077,,23,Polygon,
Bogeka,2,Nyanza,Kisii Central,Mosocho,KE0078,,1342,Polygon,
Bogertenga,3,Nyanza,Gucha (kisii South),Nyamarambe,KE0079,,1307,Polygon,spelling
Bogiakumu,5,Nyanza,Kisii Central,Suneka,KE0080,,1302,Polygon,
Bogichora,6,Nyanza,Kisii North (Nyamira),Nyamaiya,KE0081,,1353,Polygon,
Bogisero,4,Nyanza,Kisii Central,Mosocho,KE0082,,1341,Polygon,spelling
Boikanga,3,Nyanza,Gucha (kisii South),Nyamarambe,KE0083,,1306,Polygon,
Boito,7,Rift Valley,Bureti,Kimulot,KE0084,,989,Polygon,
Bokeira,4,Nyanza,Kisii North (Nyamira),Nyamusi,KE0085,,1359,Polygon,
Bokeire,2,Nyanza,Kisii Central,Suneka,KE0086,,,,
Bokimonge,2,Nyanza,Gucha (kisii South),Kenyenya,KE0087,,1313,Polygon,
Bokoli,4,Western,Bungoma,Webuye,KE0088,,1110,Polygon,
Bomani,1,Coast,Taita,Taita/taveta,KE0089,,113,Polygon,
Bomariba,5,Nyanza,Kisii Central,Suneka,KE0090,,1301,Polygon,
Bomwagamo,4,Nyanza,Kisii North (Nyamira),Nyamusi,KE0091,,1358,Polygon,
Bonyamatuta,3,Nyanza,Kisii North (Nyamira),Nyamira,KE0092,,1355,Polygon,
Boochi Borabu,3,Nyanza,Gucha (kisii South),Kenyenya,KE0093,,1312,Polygon,
Boochi/Tendere,4,Nyanza,Gucha (kisii South),Ogembo,KE0094,,1324,Polygon,
Borabu Masaba,2,Nyanza,Gucha (kisii South),Kenyenya,KE0095,,,,
Borabu/Chitago,6,Nyanza,Gucha (kisii South),Etago,KE0096,,1308,Polygon,
Bosamaro,4,Nyanza,Kisii North (Nyamira),Nyamira,KE0097,,1354,Polygon,
Bosoti/Sengera,2,Nyanza,Gucha (kisii South),Ogembo,KE0098,,1325,Polygon,
Bukembe East,2,Western,Bungoma,Kanduyi,KE0099,,1097,Polygon,
Bukembe West,2,Western,Bungoma,Kanduyi,KE0100,,1096,Polygon,
Bukhayo Central,3,Western,Busia,Nambale,KE0101,,1136,Polygon,
Bukhayo East,4,Western,Busia,Nambale,KE0102,,1135,Polygon,
Bukhayo North/ Walat,4,Western,Busia,Nambale,KE0103,,,,
Bukhayo West,3,Western,Busia,Matayos,KE0104,,1137,Polygon,
Bukira Central/Ikerege,3,Nyanza,Kuria,Kehancha,KE0105,,1290,Polygon,spelling
Bukira East,2,Nyanza,Kuria,Kehancha,KE0106,,1289,Polygon,
Bulla Pesa,2,Eastern,Isiolo,Central,KE0107,,242,Polygon,
Bumula,4,Western,Bungoma,Bumula,KE0108,,1090,Polygon,
Buna,3,North Eastern,Wajir,Buna,KE0109,,,,
Bunyala Central,4,Western,Kakamega,Navakholo,KE0110,,1019,Polygon,
Bunyala East,2,Western,Kakamega,Navakholo,KE0111,,1018,Polygon,
Bunyala North,5,Western,Busia,Budalangi,KE0112,,1153,Polygon,
Bunyala South,9,Western,Busia,Budalangi,KE0113,,1155,Polygon,
Bunyala West,8,Western,Kakamega,Navakholo,KE0114,,1017,Polygon,
Bura,11,Coast,Taita,Mwatate,KE0115,,122,Polygon,
Burat,3,Eastern,Isiolo,Central,KE0116,,246,Polygon,
Burder,3,North Eastern,Wajir,Diif,KE0117,,185,Polygon,
Burumba,1,Western,Busia,Township,KE0118,,1141,Polygon,
Busali,6,Western,Vihiga,Sabatia,KE0119,,1060,Polygon,
Busibwabo,3,Western,Busia,Matayos,KE0120,,1140,Polygon,
Butali/Chegulo,4,Western,Kakamega,Kabras,KE0121,,1005,Polygon,
Bute,3,North Eastern,Wajir,Bute,KE0122,,162,Polygon,
Butiye,5,Eastern,Moyale,Central,KE0123,,221,Polygon,
Butsotso Central,3,Western,Kakamega,Lurambi,KE0124,,1011,Polygon,
Butsotso East,3,Western,Kakamega,Lurambi,KE0125,,1009,Polygon,
Butsotso South,3,Western,Kakamega,Lurambi,KE0126,,1010,Polygon,
Bwake/Luuya,3,Western,Bungoma,Nalondo,KE0127,,1087,Polygon,
Bwiri,4,Western,Busia,Funyula,KE0128,,1151,Polygon,
Califonia,1,Nairobi,Nairobi,Pumwani,KE0129,,1438,Polygon,
Central,25,Central,Nyandarua,Ndaragwa,KE0130,,340,Polygon,
Central Alego,9,Nyanza,Siaya,Boro,KE0131,,1165,Polygon,
Central Bunyore,6,Western,Vihiga,Emuhaya,KE0132,,1074,Polygon,
Central Gem,5,Nyanza,Siaya,Yala,KE0133,,1171,Polygon,
Central Kamagambo,3,Nyanza,Migori,Rongo,KE0134,,1262,Polygon,
Central Kanyamkago,5,Nyanza,Migori,Uriri,KE0135,,1279,Polygon,
Central Kasipul,5,Nyanza,Rachuonyo,Kasipul,KE0136,,1223,Polygon,
Central Kisumu,3,Nyanza,Kisumu,Winam,KE0137,,1192,Polygon,
Central Maragoli,4,Western,Vihiga,Vihiga,KE0138,,1053,Polygon,
Central Nyakach,6,Nyanza,Nyando,Lower Nyakach,KE0139,,1218,Polygon,
Central Sakwa,5,Nyanza,Bondo,Nyang'oma,KE0140,,1176,Polygon,
Central Seme,6,Nyanza,Kisumu,Kombewa,KE0141,,1203,Polygon,
Chaani,1,Coast,Mombasa,Changamwe,KE0142,,5,Polygon,
Chaik,2,Rift Valley,Kericho,Belgut,KE0143,,960,Polygon,
Chakol North,6,Western,Teso,Chakol,KE0144,,1129,Polygon,
Chakol South,9,Western,Teso,Chakol,KE0145,,1128,Polygon,
Chala,3,Coast,Taita,Taita/taveta,KE0146,,111,Polygon,
Changamwe,1,Coast,Mombasa,Changamwe,KE0147,,4,Polygon,
Charagita,5,Central,Nyandarua,Ol Joro Orok,KE0148,,461,Polygon,
Chari,4,Eastern,Isiolo,Merti,KE0149,,243,Polygon,
Chasimba,5,Coast,Kilifi,Chonyi,KE0150,,61,Polygon,
Chavakali,4,Western,Vihiga,Sabatia,KE0151,,1057,Polygon,
Chawia,4,Coast,Taita,Mwatate,KE0152,,123,Polygon,
Cheboin,8,Rift Valley,Bureti,Bureti,KE0153,,952,Polygon,
Chebukwabi,2,Western,Bungoma,Kimilili,KE0154,,,,
Chebunyo,9,Rift Valley,Bomet,Siongiroi,KE0155,,974,Polygon,
Chekalaini,2,Western,Kakamega,Lugari,KE0156,,994,Polygon,spelling
Chemagel,7,Rift Valley,Bureti,Sotik,KE0157,,967,Polygon,
Chemaner,6,Rift Valley,Bomet,Longisa,KE0158,,980,Polygon,
Chemelil,8,Nyanza,Nyando,Muhoroni,KE0159,,1214,Polygon,
Chemelil/Chemase,7,Rift Valley,Nandi,Nandi Hills,KE0160,,753,Polygon,
Chemosot,7,Rift Valley,Bureti,Roret,KE0161,,953,Polygon,
Chemuche,4,Western,Kakamega,Kabras,KE0162,,1003,Polygon,
Chemundu/Kapng'entuny,3,Rift Valley,Nandi,Kapsabet,KE0163,,765,Polygon,spelling
Chengoni/Samburu,5,Coast,Kwale,Samburu,KE0164,,48,Polygon,
Chepareria,14,Rift Valley,West Pokot,Chepareria,KE0165,,657,Polygon,
Chepchabas,3,Rift Valley,Kericho,Belgut,KE0166,,986,Polygon,
Chepchoina,3,Rift Valley,Trans Nzoia,Endebes,KE0167,,680,Polygon,
Chepkorio,9,Rift Valley,Elgeyo Marakwet,Chepkorio,KE0168,,746,Polygon,
Chepkumia,2,Rift Valley,Nandi,Kapsabet,KE0169,,770,Polygon,
Chepkunyuk,24,Rift Valley,Nandi,O'llessos,KE0170,,762,Polygon,
Cheplanget,6,Rift Valley,Bureti,Bureti,KE0171,,955,Polygon,
Chepseon,7,Rift Valley,Kericho,Kipkelion,KE0172,,938,Polygon,
Chepsiro/Kiptoror,4,Rift Valley,Trans Nzoia,Cherangany,KE0173,,699,Polygon,
Cheptais,4,Western,Mt. Elgon,Cheptais,KE0174,,1076,Polygon,
Chepterwai,9,Rift Valley,Nandi,Kipkaren,KE0175,,774,Polygon,
Cheptiret/Kipchamo,6,Rift Valley,Uasin Gishu,Kesses,KE0176,,728,Polygon,
Cheptororiet/ Seretut,4,Rift Valley,Kericho,Belgut,KE0177,,959,Polygon,spelling
Chepyuk,6,Western,Mt. Elgon,Kopsiro,KE0178,,1078,Polygon,
Cherab,9,Eastern,Isiolo,Merti,KE0179,,244,Polygon,
Cherangany/Chebororwa,8,Rift Valley,Elgeyo Marakwet,Kapcherop,KE0180,,737,Polygon,
Cherangany/Suwerwa,6,Rift Valley,Trans Nzoia,Cherangany,KE0181,,698,Polygon,spelling
Chesikak,4,Western,Mt. Elgon,Cheptais,KE0182,,1077,Polygon,spelling
Chesoen,5,Rift Valley,Bomet,Bomet Central,KE0183,,984,Polygon,
Chevaywa,3,Western,Kakamega,Matete,KE0184,,995,Polygon,
Chewani,12,Coast,Tana River,Galole,KE0185,,94,Polygon,
Chewele,4,Coast,Tana River,Bura,KE0186,,96,Polygon,
Chiakariga,15,Eastern,Tharaka,Tharaka South,KE0187,,309,Polygon,spelling
Chilchila,6,Rift Valley,Kericho,Chilchila,KE0188,,943,Polygon,
Chinga,12,Central,Nyeri,Kieni West,KE0189,,485,Polygon,
Chogoria,10,Eastern,Meru South,Mwimbi,KE0190,,300,Polygon,
Chuluni,4,Eastern,Kitui,Chuluni,KE0191,,361,Polygon,
Churo/Amaya,5,Rift Valley,Baringo,Tangulbei,KE0192,,787,Polygon,
Cianda,4,Central,Kiambu,Kiambaa,KE0193,,586,Polygon,
Clay City,1,Nairobi,Nairobi,Kasarani,KE0194,,1396,Polygon,
Dabaso,4,Coast,Malindi,Malindi,KE0195,,54,Polygon,
Dadaab,1,North Eastern,Garissa,Dadaab,KE0196,,147,Polygon,
Dadaja Bula,4,North Eastern,Wajir,Diif,KE0197,,186,Polygon,spelling
Dalalekutuk,11,Rift Valley,Kajiado,Central,KE0198,,918,Polygon,
Damajale,3,North Eastern,Garissa,Dadaab,KE0199,,149,Polygon,
Danaba,3,North Eastern,Wajir,Gurar,KE0200,,166,Polygon,
Dandora Area Four,1,Nairobi,Nairobi,Embakasi,KE0201,,1415,Polygon,
Dandora Area Three,1,Nairobi,Nairobi,Embakasi,KE0202,,1414,Polygon,
Dandora Area Two,1,Nairobi,Nairobi,Embakasi,KE0203,,1413,Polygon,
Dandora Area one,2,Nairobi,Nairobi,Kasarani,KE0204,,1412,Polygon,
Dandu,4,North Eastern,Mandera,Dandu,KE0205,,194,Polygon,
Danyere,6,North Eastern,Garissa,Danyere,KE0206,,136,Polygon,
Dedan Kimathi,10,Central,Nyeri,Tetu,KE0207,,466,Polygon,
Dekaharia,3,North Eastern,Ijara,Hulugho,KE0208,,153,Polygon,
Dela,1,North Eastern,Wajir,El-das,KE0209,,181,Polygon,spelling
Derkale,1,North Eastern,Mandera,Banissa,KE0210,,197,Polygon,spelling
Dertu,1,North Eastern,Garissa,Dadaab,KE0211,,146,Polygon,
Dukana,4,Eastern,Marsabit,North Horr,KE0212,,228,Polygon,
Dundori,3,Rift Valley,Nakuru,Bahati,KE0213,,865,Polygon,
Dungicha,9,Coast,Kilifi,Bamba,KE0214,,,,
Dzombo,2,Coast,Kwale,Lungalunga,KE0215,,36,Polygon,
East Alego,4,Nyanza,Siaya,Karemo,KE0216,,,,
East Asembo,5,Nyanza,Bondo,Rarieda,KE0217,,1181,Polygon,
East Bunyore,6,Western,Vihiga,Emuhaya,KE0218,,,,
East Gem,4,Nyanza,Siaya,Yala,KE0219,,1173,Polygon,
East Kabras,2,Western,Kakamega,Kabras,KE0220,,1004,Polygon,
East Kamagak,2,Nyanza,Rachuonyo,Kasipul,KE0221,,1224,Polygon,
East Kamagambo,6,Nyanza,Migori,Rongo,KE0222,,1263,Polygon,
East Kano/Wawidhi,5,Nyanza,Nyando,Nyando,KE0223,,1206,Polygon,
East Kanyamkago,2,Nyanza,Migori,Uriri,KE0224,,1281,Polygon,
East Sang'alo,2,Western,Bungoma,Kanduyi,KE0225,,1101,Polygon,
East Seme,5,Nyanza,Kisumu,Maseno,KE0226,,1204,Polygon,
East Ugenya,6,Nyanza,Siaya,Ukwala,KE0227,,1159,Polygon,
East Wanga,3,Western,Kakamega,East Wanga,KE0228,,1026,Polygon,
Eastleigh North,1,Nairobi,Nairobi,Pumwani,KE0229,,1435,Polygon,
Eastleigh South,1,Nairobi,Nairobi,Pumwani,KE0230,,1436,Polygon,
Ekalakala,4,Eastern,Machakos,Masinga,KE0231,,373,Polygon,
Ekerenyo,1,Nyanza,Kisii North (Nyamira),Ekerenyo,KE0232,,1361,Polygon,
El Wak North,3,North Eastern,Mandera,Elwak,KE0233,,209,Polygon,
El Wak South,3,North Eastern,Mandera,Elwak,KE0234,,208,Polygon,spelling
El-Nur/Tula-tula,4,North Eastern,Wajir,Griftu,KE0235,,183,Polygon,
El-barta,7,Rift Valley,Samburu,Baragoi,KE0236,,666,Polygon,spelling
Elben,4,North Eastern,Wajir,Tarbaji,KE0237,,172,Polygon,
Elburgon,4,Rift Valley,Nakuru,Rongai,KE0238,,827,Polygon,
Eldas,2,North Eastern,Wajir,El-das,KE0239,,180,Polygon,
Elementaita,2,Rift Valley,Nakuru,Lare,KE0240,,845,Polygon,
Elugulu,5,Western,Busia,Butula,KE0241,,1147,Polygon,
Emabungo,4,Western,Vihiga,Emuhaya,KE0242,,1072,Polygon,
Emali/Mulala,16,Eastern,Makueni,Mbitini,KE0243,,436,Polygon,
Embakasi,1,Nairobi,Nairobi,Embakasi,KE0244,,1423,Polygon,
Embobut,6,Rift Valley,Elgeyo Marakwet,Tirap,KE0245,,,,
Embomos,11,Rift Valley,Bureti,Konoin,KE0246,,990,Polygon,
Emining,11,Rift Valley,Koibatek,Emining,KE0247,,803,Polygon,
Emsoo,6,Rift Valley,Elgeyo Marakwet,Tambach,KE0248,,742,Polygon,
Embobut/Embulot,2,Rift Valley,Trans Nzoia,Endebes,KE0249,,734,Polygon,
Endo,12,Rift Valley,Elgeyo Marakwet,Tot,KE0250,,733,Polygon,
Endugh,12,Rift Valley,West Pokot,Chepareria,KE0251,,645,Polygon,
Engineer,1,Central,Nyandarua,North Kinangop,KE0252,,441,Polygon,
Entonet/Lenkism,5,Rift Valley,Kajiado,Loitokitok,KE0253,,931,Polygon,
Esise,3,Nyanza,Kisii North (Nyamira),Borabu,KE0254,,1365,Polygon,
Etenje,3,Western,Kakamega,South Wanga,KE0255,,1022,Polygon,
Evurore,8,Eastern,Mbeere,Evurore,KE0256,,330,Polygon,
Ewalel/Chapchap,9,Rift Valley,Baringo,Kabarnet,KE0257,,796,Polygon,
Ewuaso O o Nkidong'i/M,9,Rift Valley,Kajiado,Ngong,KE0258,,929,Polygon,spelling
Fafi,3,North Eastern,Garissa,Jara Jila,KE0259,,155,Polygon,
Faza,9,Coast,Lamu,Kizingitini,KE0260,,101,Polygon,
Fino,1,North Eastern,Mandera,Fino,KE0261,,217,Polygon,
Frere Town,1,Coast,Mombasa,Kisauni,KE0262,,16,Polygon,
Gaaki/Aguthi,10,Central,Nyeri,Tetu,KE0263,,468,Polygon,
Gachuba,3,Nyanza,Kisii North (Nyamira),Rigoma,KE0264,,1347,Polygon,
Gaichanjiru,5,Central,Maragwa,Kandara,KE0265,,542,Polygon,
Gakawa,3,Central,Nyeri,Kieni East,KE0266,,476,Polygon,
Galbet,1,North Eastern,Garissa,Central,KE0267,,132,Polygon,
Ganda,4,Coast,Malindi,Malindi,KE0268,,77,Polygon,
Ganga,4,Eastern,Meru South,Mwimbi,KE0269,,299,Polygon,
Ganyure,3,North Eastern,Wajir,Griftu,KE0270,,179,Polygon,spelling
Garashi,9,Coast,Malindi,Marafa,KE0271,,84,Polygon,
Garba Tulla,5,Eastern,Isiolo,Garba Tulla,KE0272,,248,Polygon,
Garsen Central,5,Coast,Tana River,Garsen,KE0273,,89,Polygon,
Garsen North,6,Coast,Tana River,Garsen,KE0274,,91,Polygon,
Garsen South,6,Coast,Tana River,Garsen,KE0275,,87,Polygon,
Garsen West,5,Coast,Tana River,Garsen,KE0276,,90,Polygon,
Gatanga,4,Central,Thika,Gatanga,KE0277,,549,Polygon,
Gatarakwa,5,Central,Nyeri,Kieni West,KE0278,,473,Polygon,
Gathaite,8,Central,Thika,Kamwangi,KE0279,,,,
Gathanji,2,Central,Nyandarua,Ol Joro Orok,KE0280,,458,Polygon,
Gathara,3,Central,Nyandarua,North Kinangop,KE0281,,442,Polygon,
Gatimu,3,Central,Nyandarua,Ol Joro Orok,KE0282,,459,Polygon,
Gatina,1,Nairobi,Nairobi,Dagoretti,KE0283,,1373,Polygon,
Gatitu/Muruguru,6,Central,Nyeri,Nyeri Municipality,KE0284,,493,Polygon,
Gatongora,1,Central,Thika,Ruiru,KE0285,,571,Polygon,
Gatunga,6,Eastern,Tharaka,Tharaka North,KE0286,,306,Polygon,
Gaturi,6,Central,Murang'a,Kiharu,KE0287,,527,Polygon,
Gaturi North,4,Eastern,Embu,Manyatta,KE0288,,317,Polygon,
Gaturi South,3,Eastern,Embu,Nembure,KE0289,,316,Polygon,
Gem East/Rangwe,4,Nyanza,Homa Bay,Rangwe,KE0290,,,,
Gem West,3,Nyanza,Homa Bay,Rangwe,KE0291,,,,
Gembe,6,Nyanza,Suba,Mbita,KE0292,,1255,Polygon,
Gesima,5,Nyanza,Kisii North (Nyamira),Rigoma,KE0293,,1351,Polygon,
Gesusu,9,Nyanza,Kisii Central,Kiamokama,KE0294,,1329,Polygon,
Geta,4,Central,Nyandarua,Kipipiri,KE0295,,451,Polygon,
Getenga,3,Nyanza,Gucha (kisii South),Etago,KE0296,,1310,Polygon,
Gikondi,7,Central,Nyeri,Mukurweini,KE0297,,487,Polygon,
Gilgil,1,Rift Valley,Nakuru,Kuresoi,KE0298,,844,Polygon,
Gisambai,4,Western,Vihiga,Tiriki West,KE0299,,1062,Polygon,
Gitaru,3,Central,Kiambu,Kikuyu,KE0300,,591,Polygon,
Githabai,4,Central,Nyandarua,South Kinangop,KE0301,,447,Polygon,
Gither,2,North Eastern,Mandera,Dandu,KE0302,,195,Polygon,
Githiga,4,Central,Kiambu,Githunguri,KE0303,,813,Polygon,
Githumu/Gichagi-ini,3,Central,Maragwa,Kandara,KE0304,,,,
Githunguri,3,Central,Kiambu,Githunguri,KE0305,,577,Polygon,
Githurai,1,Nairobi,Nairobi,Kasarani,KE0306,,1391,Polygon,
Gitothua,2,Central,Thika,Ruiru,KE0307,,569,Polygon,
Gituamba,6,Central,Thika,Kamwangi,KE0308,,555,Polygon,
Gitugi,10,Central,Murang'a,Mathioya,KE0309,,519,Polygon,
God Jope/Kwa,4,Nyanza,Migori,Suba East,KE0310,,1269,Polygon,
Godoma,2,North Eastern,Wajir,Bute,KE0311,,167,Polygon,
Gokeharaka/Getembw,4,Nyanza,Kuria,Kehancha,KE0312,,1296,Polygon,spelling
Golbo,7,Eastern,Moyale,Golbo,KE0313,,224,Polygon,
Gombato/Bongwe,2,Coast,Kwale,Msambweni,KE0314,,31,Polygon,
Gongoni,4,Coast,Malindi,Magarini,KE0315,,82,Polygon,
Goreale,1,North Eastern,Garissa,Shant-abak,KE0316,,142,Polygon,
Gurar,2,North Eastern,Wajir,Gurar,KE0317,,161,Polygon,
Guticha,4,North Eastern,Mandera,As-habito,KE0318,,202,Polygon,
Gwassi North,7,Nyanza,Suba,Gwassi,KE0319,,1258,Polygon,
Gwassi South,8,Nyanza,Suba,Gwassi,KE0320,,1257,Polygon,
Habaswein,6,North Eastern,Wajir,Habaswein,KE0321,,187,Polygon,spelling
Hadado/Adhibohol,4,North Eastern,Wajir,Hadado,KE0322,,177,Polygon,spelling
Harambee,2,Nairobi,Nairobi,Makadara,KE0323,,1432,Polygon,
Heillu,5,Eastern,Moyale,Central,KE0324,,223,Polygon,spelling
Hellsgate,1,Rift Valley,Nakuru,Naivasha,KE0325,,837,Polygon,
Hindi,4,Coast,Lamu,Hindi,KE0326,,106,Polygon,
Hiriman,5,Coast,Tana River,Bura,KE0327,,97,Polygon,
Homa Bay Arujo,3,Nyanza,Homa Bay,Asego,KE0328,,1242,Polygon,
Homa Bay Central,3,Nyanza,Homa Bay,Asego,KE0329,,1241,Polygon,
Homa Bay East,6,Nyanza,Homa Bay,Asego,KE0330,,1244,Polygon,
Homa Bay West,3,Nyanza,Homa Bay,Asego,KE0331,,1243,Polygon,
Hongwe,2,Coast,Lamu,Mpeketoni,KE0332,,108,Polygon,
Hospital,5,Rift Valley,Trans Nzoia,Central,KE0333,,1445,Polygon,
Hulugho,4,North Eastern,Ijara,Hulugho,KE0334,,157,Polygon,
Huruma,1,Nairobi,Nairobi,Central,KE0335,,713,Polygon,
Ibeno,5,Nyanza,Kisii Central,Keumbu,KE0336,,1336,Polygon,
Ibrahim Ure,4,North Eastern,Wajir,Diif,KE0337,,189,Polygon,
Ichagaki,4,Central,Maragwa,Maragwa,KE0338,,537,Polygon,
Ichuni,5,Nyanza,Kisii Central,Kiamokama,KE0339,,1326,Polygon,
Idakho Central,6,Western,Kakamega,Ikolomani,KE0340,,1050,Polygon,
Idakho East,6,Western,Kakamega,Ikolomani,KE0341,,1048,Polygon,
Idakho North,4,Western,Kakamega,Ikolomani,KE0342,,1049,Polygon,
Idakho South,6,Western,Kakamega,Ikolomani,KE0343,,1047,Polygon,
Iftin,3,North Eastern,Garissa,Central,KE0344,,134,Polygon,
Igambang'ombe,12,Eastern,Meru South,Igambangombe,KE0345,,305,Polygon,
Igembe South,7,Eastern,Meru North,Igembe East,KE0346,,,,
Igoji East,8,Eastern,Meru Central,Igoji,KE0347,,291,Polygon,
Igoji West,8,Eastern,Meru Central,Abothuguchi West,KE0348,,292,Polygon,
Igwamiti,9,Rift Valley,Laikipia,Rumuruti,KE0349,,815,Polygon,
Ijara,10,North Eastern,Ijara,Ijara,KE0350,,159,Polygon,
Ikanga/Kyatune,11,Eastern,Kitui,Mutomo,KE0351,,365,Polygon,
Ikinu,4,Central,Kiambu,Githunguri,KE0352,,579,Polygon,
Ikombe,6,Eastern,Machakos,Katangi,KE0353,,379,Polygon,
Ikutha,9,Eastern,Kitui,Ikutha,KE0354,,368,Polygon,
Ilchamus,8,Rift Valley,Baringo,Marigat,KE0355,,799,Polygon,spelling
Ildamat,5,Rift Valley,Kajiado,Central,KE0356,,917,Polygon,
Ildamat (Narok East),1,Rift Valley,Narok,,KE0357,,,,
Ilima,8,Eastern,Makueni,Kilungu,KE0358,,423,Polygon,
Ilkerin,4,Rift Valley,Transmara,Kirindon,KE0359,,887,Polygon,spelling
Illeret,1,Eastern,Marsabit,North Horr,KE0360,,232,Polygon,
Ilmaroro,6,Rift Valley,Kajiado,Mashuuru,KE0361,,925,Polygon,spelling
Ilmotiook,1,Rift Valley,Narok,,KE0362,,907,Polygon,
Iloodokilani,7,Rift Valley,Kajiado,Magadi,KE0363,,927,Polygon,
Imara Daima,1,Nairobi,Nairobi,Embakasi,KE0364,,1406,Polygon,
Imbirikani/Eselenkei,3,Rift Valley,Kajiado,Loitokitok,KE0365,,932,Polygon,spelling
Ingotse/Matiha,2,Western,Kakamega,Lurambi,KE0366,,1015,Polygon,
Inoi,4,Central,Kirinyaga,Central,KE0367,,515,Polygon,
Iria-ini,6,Central,Nyeri,Othaya,KE0368,,484,Polygon,
Iriaini,7,Central,Nyeri,Mathira,KE0369,,479,Polygon,
Isibania,1,Nyanza,Kuria,Kehancha,KE0370,,1291,Polygon,
Isukha West,3,Western,Kakamega,Shinyalu,KE0371,,1046,Polygon,
Ithanga,3,Central,Thika,Kakuzi,KE0372,,545,Polygon,
Ithiru,5,Central,Maragwa,Kandara,KE0373,,543,Polygon,
Itibo,5,Nyanza,Kisii North (Nyamira),Ekerenyo,KE0374,,1357,Polygon,
Ivingoni/Nzambani,4,Eastern,Makueni,Mtito Andei,KE0375,,440,Polygon,
Jara Jara,2,North Eastern,Garissa,Balambala,KE0376,,137,Polygon,spacing
Jara Jila,2,North Eastern,Garissa,Jara Jila,KE0377,,154,Polygon,spacing
Jaribuni,9,Coast,Kilifi,Ganze,KE0378,,73,Polygon,
Jepkoyai,4,Western,Vihiga,Tiriki West,KE0379,,1067,Polygon,
Jibana,7,Coast,Kilifi,Kaloleni,KE0380,,,,
Jilore,6,Coast,Malindi,Malindi,KE0381,,75,Polygon,
Jomvu Kuu,1,Coast,Mombasa,Changamwe,KE0382,,6,Polygon,
Juja,1,Central,Thika,Ruiru,KE0383,,561,Polygon,
Junda,1,Coast,Mombasa,Kisauni,KE0384,,10,Polygon,
Junju,3,Coast,Kilifi,Kikambala,KE0385,,58,Polygon,
KEEKONYOKIE (Narok East),1,Rift Valley,Narok,,KE0386,,,,
Kaaleng/Kaikor,8,Rift Valley,Turkana,Kaaleng,KE0387,,614,Polygon,
Kabare,8,Central,Kirinyaga,Gichugu,KE0388,,504,Polygon,
Kabarnet,10,Rift Valley,Baringo,Kabarnet,KE0389,,793,Polygon,
Kabartonjo,11,Rift Valley,Baringo,Barwessa,KE0390,,789,Polygon,
Kabaru,4,Central,Nyeri,Kieni East,KE0391,,475,Polygon,
Kabatini,3,Rift Valley,Nakuru,Bahati,KE0392,,866,Polygon,
Kabazi,6,Rift Valley,Nakuru,Bahati,KE0393,,859,Polygon,
Kabete,2,Central,Kiambu,Kikuyu,KE0394,,594,Polygon,
Kabianga,8,Rift Valley,Kericho,Sigowet,KE0395,,958,Polygon,
Kabiemit,11,Rift Valley,Elgeyo Marakwet,Chepkorio,KE0396,,749,Polygon,
Kabiri,12,Nyanza,Rachuonyo,West Karachuonyo,KE0397,,,,
Kabiro,1,Nairobi,Nairobi,Dagoretti,KE0398,,1375,Polygon,
Kabisaga,5,Rift Valley,Nandi,Kabiyet,KE0399,,779,Polygon,
Kabiyet,7,Rift Valley,Nandi,Kabiyet,KE0400,,777,Polygon,
Kabondo East,6,Nyanza,Rachuonyo,Kabondo,KE0401,,1226,Polygon,
Kabondo West,8,Nyanza,Rachuonyo,Kabondo,KE0402,,1227,Polygon,
Kabonyo/Kanyagwal,11,Nyanza,Nyando,Kadibo,KE0403,,1209,Polygon,spelling
Kabuchai/Chwale,3,Western,Bungoma,Chwele,KE0404,,1085,Polygon,spelling
Kabula,2,Western,Bungoma,Bumula,KE0405,,1092,Polygon,
Kabwareng,6,Rift Valley,Nandi,Aldai,KE0406,,755,Polygon,
Kadzandani,1,Coast,Mombasa,Kisauni,KE0407,,20,Polygon,
Kaeris,5,Rift Valley,Turkana,Kaaleng,KE0408,,611,Polygon,
Kagaari North,4,Eastern,Embu,Runyenjes,KE0409,,320,Polygon,spelling
Kagaari South,4,Eastern,Embu,Runyenjes,KE0410,,318,Polygon,spelling
Kagan,10,Nyanza,Homa Bay,Rangwe,KE0411,,1239,Polygon,
Kagunduini,5,Central,Maragwa,Kandara,KE0412,,541,Polygon,
Kahawa,3,Nairobi,Nairobi,Kasarani,KE0413,,1395,Polygon,
Kahawa Wendan,1,Central,Thika,Ruiru,KE0414,,573,Polygon,spelling
Kahawa West,2,Nairobi,Nairobi,Kasarani,KE0415,,1392,Polygon,
Kahawa/Sukari,1,Central,Thika,Ruiru,KE0416,,572,Polygon,
Kahumbu,5,Central,Maragwa,Maragwa,KE0417,,528,Polygon,
Kaimbaga,2,Central,Nyandarua,Ol Kalou,KE0418,,456,Polygon,
Kajulu,5,Nyanza,Kisumu,Winam,KE0419,,1186,Polygon,
Kakrao,4,Nyanza,Migori,Suba East,KE0420,,1271,Polygon,
Kaksingiri West,5,Nyanza,Suba,Central,KE0421,,1259,Polygon,
Kakuma,3,Rift Valley,Turkana,Kakuma,KE0422,,617,Polygon,
Kakuyuni,4,Coast,Malindi,Malindi,KE0423,,76,Polygon,
Kakuzi/ Mitubiri,4,Central,Thika,Kakuzi,KE0424,,546,Polygon,
Kalaliyo,9,North Eastern,Mandera,Kalaliyo,KE0425,,213,Polygon,spelling
Kalama,9,Eastern,Machakos,Central,KE0426,,398,Polygon,
Kalapata,3,Rift Valley,Turkana,Lokichar,KE0427,,636,Polygon,
Kalawa,28,Eastern,Makueni,Kalawa,KE0428,,416,Polygon,
Kaler,2,Nyanza,Migori,Nyatike,KE0429,,1286,Polygon,
Kalimoni,1,Central,Thika,Ruiru,KE0430,,563,Polygon,
Kalobeyei,5,Rift Valley,Turkana,Oropoi,KE0431,,621,Polygon,
Kalokol,3,Rift Valley,Turkana,Kalokol,KE0432,,626,Polygon,
Kaloleni,6,Coast,Taita,Voi,KE0433,,127,Polygon,
Kamacharia,4,Central,Murang'a,Mathioya,KE0434,,521,Polygon,
Kamagut,2,Rift Valley,Uasin Gishu,Turbo,KE0435,,710,Polygon,
Kamahuha,4,Central,Maragwa,Makuyu,KE0436,,536,Polygon,
Kamakwa/Mukaro,6,Central,Nyeri,Nyeri Municipality,KE0437,,495,Polygon,
Kamara,6,Rift Valley,Nakuru,Kamara,KE0438,,856,Polygon,
Kamariny,8,Rift Valley,Elgeyo Marakwet,Kamariny,KE0439,,741,Polygon,
Kamasian,7,Rift Valley,Kericho,Kipkelion,KE0440,,941,Polygon,
Kambiti,7,Central,Maragwa,Makuyu,KE0441,,535,Polygon,
Kamburu,4,Central,Kiambu,Lari,KE0442,,609,Polygon,
Kamenu,1,Central,Thika,Thika Municipality,KE0443,,565,Polygon,
Masogo/Nyang'oma,9,Nyanza,Nyando,Miwani,KE0444,,1213,Polygon,
Kamukuywa,2,Western,Bungoma,Kimilili,KE0445,,1114,Polygon,
Kamwangi,5,Central,Thika,Kamwangi,KE0446,,,,
Kanamkemer,2,Rift Valley,Turkana,Central,KE0447,,628,Polygon,
Kang'atotha,5,Rift Valley,Turkana,Kalokol,KE0448,,625,Polygon,
Kangai,3,Central,Kirinyaga,Mwea,KE0449,,497,Polygon,
Kangare,3,Central,Maragwa,Kigumo,KE0450,,531,Polygon,
Kangemi,1,Nairobi,Nairobi,Westlands,KE0451,,1369,Polygon,
Kangeta,6,Eastern,Meru North,Igembe North,KE0452,,260,Polygon,
Kangundo Central,4,Eastern,Machakos,Kangundo,KE0453,,382,Polygon,
Kangundo East,6,Eastern,Machakos,Kangundo,KE0454,,383,Polygon,
Kangundo North,5,Eastern,Machakos,Kangundo,KE0455,,381,Polygon,
Kangundo West,6,Eastern,Machakos,Kangundo,KE0456,,384,Polygon,
Kanjuiri Ridge,3,Central,Nyandarua,Ol Kalou,KE0457,,454,Polygon,
Kanuni,8,Eastern,Meru North,Igembe South,KE0458,,255,Polygon,
Kanyadoto,4,Nyanza,Homa Bay,Nyarongi,KE0459,,1246,Polygon,
Kanyaluo,7,Nyanza,Rachuonyo,East Karachuonyo,KE0460,,1233,Polygon,
Kanyamwa/Kalogi,7,Nyanza,Homa Bay,Ndhiwa,KE0461,,1250,Polygon,
Kanyamwa/Kosewe,4,Nyanza,Homa Bay,Ndhiwa,KE0462,,1251,Polygon,
Kanyangi,7,Eastern,Kitui,Yatta,KE0463,,353,Polygon,
Kanyeki-ine,6,Central,Kirinyaga,Central,KE0464,,513,Polygon,
Kanyenyaini,7,Central,Murang'a,Kangema,KE0465,,516,Polygon,spelling
Kanyikela,2,Nyanza,Homa Bay,Nyarongi,KE0466,,1247,Polygon,
Kanziko,10,Eastern,Kitui,Mutha,KE0467,,369,Polygon,
Kapchemutwa,10,Rift Valley,Elgeyo Marakwet,Kamariny,KE0468,,744,Polygon,
Kapchoki,2,Rift Valley,West Pokot,Kacheliba,KE0469,,654,Polygon,spelling
Kapchorwa,11,Rift Valley,Nandi,Nandi Hills,KE0470,,764,Polygon,spelling
Kapedo/Napeitom,9,Rift Valley,Turkana,Lomelo,KE0471,,638,Polygon,
Kapenguria,10,Rift Valley,West Pokot,Kapenguria,KE0472,,642,Polygon,
Kapkangani,3,Rift Valley,Nandi,Kapsabet,KE0473,,771,Polygon,
Kapkateny,8,Western,Mt. Elgon,Kopsiro,KE0474,,1079,Polygon,
Kapkatet,4,Rift Valley,Bureti,Bureti,KE0475,,956,Polygon,
Kapkugerwet,1,Rift Valley,Kericho,Ainamoi,KE0476,,946,Polygon,
Kapkures,1,Rift Valley,Uasin Gishu,Soy,KE0477,,702,Polygon,
Kaplamai,1,Rift Valley,Trans Nzoia,Kaplamai,KE0478,,696,Polygon,
Kaplelartet,6,Rift Valley,Kericho,Sigowet,KE0479,,963,Polygon,
Kapletundo,13,Rift Valley,Bureti,Sotik,KE0480,,969,Polygon,
Kapomboi,4,Rift Valley,Trans Nzoia,Kwanza,KE0481,,676,Polygon,
Kapropita,8,Rift Valley,Baringo,Kabarnet,KE0482,,797,Polygon,
Kapsabet,4,Rift Valley,Nandi,Kapsabet,KE0483,,772,Polygon,
Kapsaos,3,Rift Valley,Kericho,Ainamoi,KE0484,,712,Polygon,
Kapsasian,2,Rift Valley,Transmara,Kirindon,KE0485,,890,Polygon,
Kapsimotwo,10,Rift Valley,Nandi,Nandi Hills,KE0486,,754,Polygon,spelling
Kapsoit,6,Rift Valley,Kericho,Ainamoi,KE0487,,944,Polygon,
Kapsokwony,12,Western,Mt. Elgon,Kapsokwony,KE0488,,,,
Kapsowar,7,Rift Valley,Elgeyo Marakwet,Kapsowar,KE0489,,739,Polygon,
Kapsoya,1,Rift Valley,Uasin Gishu,Ainabkoi,KE0490,,719,Polygon,
Kapsuser,4,Rift Valley,Kericho,Belgut,KE0491,,961,Polygon,
Kaptagat,10,Rift Valley,Uasin Gishu,Ainabkoi,KE0492,,720,Polygon,
Kaptama,7,Western,Mt. Elgon,Kaptama,KE0493,,1080,Polygon,
Kaptarakwa,7,Rift Valley,Elgeyo Marakwet,Chepkorio,KE0494,,745,Polygon,
Kaptel/Kamoiywo,8,Rift Valley,Nandi,Kapsabet,KE0495,,768,Polygon,
Kaptembwa East,1,Rift Valley,Nakuru,Municipality,KE0496,,,,
Kaptembwa West,1,Rift Valley,Nakuru,Municipality,KE0497,,,,
Kaptumo/Kaboi,7,Rift Valley,Nandi,Kaptumo,KE0498,,759,Polygon,
Kaputei North,4,Rift Valley,Kajiado,Isinya,KE0499,,921,Polygon,spelling
Kaputir,3,Rift Valley,Turkana,Kainuk,KE0500,,633,Polygon,
Kapyego,6,Rift Valley,Elgeyo Marakwet,Kapyego,KE0501,,731,Polygon,
Kapyemit,2,Rift Valley,Uasin Gishu,Turbo,KE0502,,,,
Karai,3,Central,Kiambu,Kikuyu,KE0503,,596,Polygon,
Karama,4,Eastern,Meru North,Tigania North,KE0504,,275,Polygon,
Karare,5,Eastern,Marsabit,Central,KE0505,,234,Polygon,
Karatina Town,7,Central,Nyeri,Mathira,KE0506,,482,Polygon,
Karau,2,Central,Nyandarua,Ol Kalou,KE0507,,453,Polygon,
Karen,4,Nairobi,Nairobi,Kibera,KE0508,,1381,Polygon,
Kargi/South Horr,5,Eastern,Marsabit,Loiyangalani,KE0509,,237,Polygon,
Kariara,7,Central,Thika,Gatanga,KE0510,,550,Polygon,
Karima,5,Central,Nyeri,Othaya,KE0511,,486,Polygon,
Karingani,6,Eastern,Meru South,Chuka,KE0512,,302,Polygon,
Kariobangi North,1,Nairobi,Nairobi,Kasarani,KE0513,,1411,Polygon,
Kariobangi South,2,Nairobi,Nairobi,Embakasi,KE0514,,1429,Polygon,
Kariti,5,Central,Kirinyaga,Ndia,KE0515,,511,Polygon,
Karumandi,4,Central,Kirinyaga,Gichugu,KE0516,,508,Polygon,
Karuna/Meibeki,6,Rift Valley,Uasin Gishu,Moiben,KE0517,,716,Polygon,
Karura,2,Nairobi,Nairobi,Westlands,KE0518,,1368,Polygon,
Karuri,3,Central,Kiambu,Kiambaa,KE0519,,587,Polygon,
Kasarani,1,Nairobi,Nairobi,Kasarani,KE0520,,1398,Polygon,
Kasei,9,Rift Valley,West Pokot,Kasei,KE0521,,653,Polygon,
Kasemani,7,Coast,Kwale,Samburu,KE0522,,,,
Kasemeni / Vanga,4,Coast,Kwale,Lungalunga,KE0523,,38,Polygon,
Kasgunga East,3,Nyanza,Suba,Mbita,KE0524,,1254,Polygon,
Kasigau,3,Coast,Taita,Voi,KE0525,,129,Polygon,
Kasikeu/Kiou,16,Eastern,Makueni,Kasikeu,KE0526,,417,Polygon,
Katangi,4,Eastern,Machakos,Katangi,KE0527,,380,Polygon,
Kathiani Central,5,Eastern,Machakos,Kathiani,KE0528,,391,Polygon,
Kathonzweni,12,Eastern,Makueni,Kathonzweni,KE0529,,428,Polygon,
Katilia,3,Rift Valley,Turkana,Lokori,KE0530,,639,Polygon,
Katilu,4,Rift Valley,Turkana,Katilu,KE0531,,634,Polygon,
Kauwi,12,Eastern,Kitui,Mutonguni,KE0532,,347,Polygon,
Kawangare,1,Nairobi,Nairobi,Dagoretti,KE0533,,1372,Polygon,
Kayafungo,6,Coast,Kilifi,Kaloleni,KE0534,,64,Polygon,
Kayole Central,1,Nairobi,Nairobi,Embakasi,KE0535,,1417,Polygon,
Kayole North,1,Nairobi,Nairobi,Embakasi,KE0536,,1416,Polygon,
Kayole South,1,Nairobi,Nairobi,Embakasi,KE0537,,1418,Polygon,
Kedowa/Kimugul,7,Rift Valley,Kericho,Londiani,KE0538,,937,Polygon,
Kee,16,Eastern,Makueni,Kaiti,KE0539,,421,Polygon,
Keekonyokie,8,Rift Valley,Kajiado,Ngong,KE0540,,926,Polygon,
Keiyan,11,Rift Valley,Transmara,Keiyan,KE0541,,882,Polygon,spelling
Keiyo,3,Rift Valley,Trans Nzoia,Kwanza,KE0542,,678,Polygon,
Kembu,4,Rift Valley,Bomet,Longisa,KE0543,,977,Polygon,
Kemeloi/Maraba,10,Rift Valley,Nandi,Aldai,KE0544,,757,Polygon,spelling
Kemera,6,Nyanza,Kisii North (Nyamira),Manga,KE0545,,1348,Polygon,spelling
Kenyawa-Poka,8,Rift Valley,Kajiado,Mashuuru,KE0546,,924,Polygon,
Keringet,8,Rift Valley,Nakuru,Keringet,KE0547,,850,Polygon,
Kerio Delta,8,Rift Valley,Turkana,Kerio,KE0548,,624,Polygon,
Kerugoya,4,Central,Kirinyaga,Central,KE0549,,514,Polygon,
Keumbu,2,Nyanza,Kisii Central,Keumbu,KE0550,,1333,Polygon,
Khalaba,3,Western,Kakamega,Matungu,KE0551,,1099,Polygon,
Khasoko,3,Western,Bungoma,Bumula,KE0552,,1091,Polygon,
Kholera,2,Western,Kakamega,Matungu,KE0553,,1028,Polygon,
Khorof Harar,4,North Eastern,Wajir,Wajir Bor,KE0554,,171,Polygon,
Kiabonyoru,4,Nyanza,Kisii North (Nyamira),Ekerenyo,KE0555,,1363,Polygon,
Kiagu,6,Eastern,Meru Central,Abothuguchi East,KE0556,,288,Polygon,
Kiamaiko,1,Nairobi,Nairobi,Central,KE0557,,1450,Polygon,
Kiamaina,3,Rift Valley,Nakuru,Bahati,KE0558,,867,Polygon,
Kiambere,4,Eastern,Mbeere,Gachoka,KE0559,,327,Polygon,
Kiamokama,5,Nyanza,Kisii Central,Kiamokama,KE0560,,1330,Polygon,
Kiamwangi,4,Central,Thika,Gatundu South,KE0561,,551,Polygon,
Kianjai,7,Eastern,Meru North,Tigania West,KE0562,,268,Polygon,
Kiarukungu,1,Central,Kirinyaga,Mwea,KE0563,,,,
Kibarani,3,Coast,Kilifi,Bahari,KE0564,,53,Polygon,
Kibauni,9,Eastern,Machakos,Yathui,KE0565,,410,Polygon,
Kibirichia,8,Eastern,Meru Central,Abothuguchi West,KE0566,,289,Polygon,
Kibish,7,Rift Valley,Turkana,Kibish,KE0567,,615,Polygon,
Kibwareng/Chebilat/Ndurio,8,Rift Valley,Nandi,Aldai,KE0568,,,,
Kiegoi/Antubochiu,8,Eastern,Meru North,Igembe Central,KE0569,,252,Polygon,
Kiganjo,14,Central,Thika,Gatundu South,KE0570,,552,Polygon,
Kiganjo/Mathari,6,Central,Nyeri,Nyeri Municipality,KE0571,,491,Polygon,
Kiguchwa,4,Eastern,Meru North,Tigania Central,KE0572,,273,Polygon,spelling
Kigumo,6,Central,Maragwa,Kigumo,KE0573,,530,Polygon,
Kihara,2,Central,Kiambu,Kiambaa,KE0574,,590,Polygon,
Kihingo,5,Rift Valley,Nakuru,Keringet,KE0575,,832,Polygon,
Kihumbu-Ini,4,Central,Thika,Gatanga,KE0576,,548,Polygon,
Kiima Kiu/Kalanzoni,8,Eastern,Makueni,Kilome,KE0577,,419,Polygon,
Kiine,7,Central,Kirinyaga,Ndia,KE0578,,510,Polygon,
Kiirua/Naari,7,Eastern,Meru Central,Buuri,KE0579,,283,Polygon,spelling
Kijabe,6,Central,Kiambu,Lari,KE0580,,607,Polygon,
Kikumbulyu North,6,Eastern,Makueni,Kibwezi,KE0581,,433,Polygon,
Kikumbulyu South,10,Eastern,Makueni,Kibwezi,KE0582,,434,Polygon,
Kikumini/Mavau,12,Eastern,Makueni,Wote,KE0583,,425,Polygon,
Kikuyu,2,Central,Kiambu,Kikuyu,KE0584,,599,Polygon,
Kileleshwa,2,Nairobi,Nairobi,Westlands,KE0585,,1374,Polygon,
Kilgoris Central,13,Rift Valley,Transmara,Pirrar,KE0586,,881,Polygon,
Kilibwoni,30,Rift Valley,Nandi,Kilibwoni,KE0587,,773,Polygon,
Kilimani,2,Nairobi,Nairobi,Westlands,KE0588,,1371,Polygon,
Kiliwehiri,2,North Eastern,Mandera,Banissa,KE0589,,200,Polygon,spelling
Kilungu,12,Eastern,Makueni,Kilungu,KE0590,,422,Polygon,
Kimaeti,4,Western,Bungoma,Bumula,KE0591,,1093,Polygon,
Kimana,2,Rift Valley,Kajiado,Loitokitok,KE0592,,935,Polygon,
Kimilili,2,Western,Bungoma,Kimilili,KE0593,,1112,Polygon,
Kiminini,1,Rift Valley,Trans Nzoia,Kiminini,KE0594,,688,Polygon,
Kimintet,11,Rift Valley,Transmara,Kirindon,KE0595,,885,Polygon,
Kimorori/Wempa,3,Central,Maragwa,Makuyu,KE0596,,533,Polygon,
Kimulot,5,Rift Valley,Bureti,Kimulot,KE0597,,987,Polygon,
Kimumu,2,Rift Valley,Uasin Gishu,Moiben,KE0598,,718,Polygon,
Kinakomba,10,Coast,Tana River,Wenje,KE0599,,92,Polygon,
Kinale,4,Central,Kiambu,Lari,KE0600,,606,Polygon,
Kinamba,2,Rift Valley,Laikipia,Ng'arua,KE0601,,,,
Kinango,4,Coast,Kwale,Kinango,KE0602,,46,Polygon,
Kinanie,2,Eastern,Machakos,Athi River,KE0603,,395,Polygon,
Kingandole,3,Western,Busia,Butula,KE0604,,1143,Polygon,
Kinna,6,Eastern,Isiolo,Kinna,KE0605,,249,Polygon,
Kinondo,2,Coast,Kwale,Msambweni,KE0606,,33,Polygon,
Kinoo,1,Central,Kiambu,Kikuyu,KE0607,,600,Polygon,
Kinyona,4,Central,Maragwa,Kigumo,KE0608,,532,Polygon,
Kinyoro,3,Rift Valley,Trans Nzoia,Saboti,KE0609,,683,Polygon,
Kiogoro,3,Nyanza,Kisii Central,Kiogoro,KE0610,,1334,Polygon,
Kipchebor,4,Rift Valley,Kericho,Ainamoi,KE0611,,947,Polygon,
Kipchimchim,2,Rift Valley,Kericho,Ainamoi,KE0612,,948,Polygon,
Kipevu,1,Coast,Mombasa,Changamwe,KE0613,,2,Polygon,
Kipini East,6,Coast,Tana River,Kipini,KE0614,,86,Polygon,
Kipini West,6,Coast,Tana River,Kipini,KE0615,,88,Polygon,
Kipipiri,3,Central,Nyandarua,Kipipiri,KE0616,,450,Polygon,
Kipkaren,6,Rift Valley,Nandi,Kipkaren,KE0617,,775,Polygon,
Kipkelion,9,Rift Valley,Kericho,Londiani,KE0618,,942,Polygon,
Kipkenyo,1,Rift Valley,Uasin Gishu,Kapsaret,KE0619,,723,Polygon,
Kiplombe,2,Rift Valley,Uasin Gishu,Soy,KE0620,,711,Polygon,
Kipreres,5,Rift Valley,Bomet,Longisa,KE0621,,979,Polygon,
Saimo/ Kipsaraman,7,Rift Valley,Baringo,Kipsaraman,KE0622,,790,Polygon,spelling
Kipsomba,1,Rift Valley,Uasin Gishu,Soy,KE0623,,705,Polygon,
Kipsonoi,10,Rift Valley,Bomet,Mutarakwa,KE0624,,968,Polygon,
Kiptagich,9,Rift Valley,Nakuru,Olenguruone,KE0625,,851,Polygon,
Kiptororo,7,Rift Valley,Nakuru,Elburgon,KE0626,,853,Polygon,
Kiptuiya,3,Rift Valley,Nandi,Kapsabet,KE0627,,769,Polygon,
Kirenga,6,Central,Kiambu,Lari,KE0628,,610,Polygon,spelling
Kiriita,2,Central,Nyandarua,Ndaragwa,KE0629,,463,Polygon,spelling
Kirimari,4,Eastern,Embu,Manyatta,KE0630,,315,Polygon,
Kirimukuyu,8,Central,Nyeri,Mathira,KE0631,,481,Polygon,
Kiru,9,Central,Murang'a,Mathioya,KE0632,,520,Polygon,
Kisa Central,0,Western,Kakamega,Khwisero,KE0633,,1040,Polygon,
Kisa East,5,Western,Kakamega,Khwisero,KE0634,,1038,Polygon,
Kisa North,3,Western,Kakamega,Khwisero,KE0635,,1037,Polygon,
Kisa West,5,Western,Kakamega,Khwisero,KE0636,,1039,Polygon,
Kisanana,22,Rift Valley,Koibatek,Kisanana,KE0637,,804,Polygon,
Kisasi,8,Eastern,Kitui,Chuluni,KE0638,,350,Polygon,
Kisiara,5,Rift Valley,Bureti,Roret,KE0639,,950,Polygon,
Kisii Central,3,Nyanza,Kisii Central,Kiogoro,KE0640,,1332,Polygon,
Kisima,6,Eastern,Meru Central,Timau,KE0641,,282,Polygon,
Kisumu North,5,Nyanza,Kisumu,Winam,KE0642,,1193,Polygon,
Kitengela,3,Rift Valley,Kajiado,Isinya,KE0643,,922,Polygon,
Kiteta/Kisau,16,Eastern,Makueni,Kisau,KE0644,,414,Polygon,
Kithimani,4,Eastern,Machakos,Yatta,KE0645,,378,Polygon,
Kithimu,3,Eastern,Embu,Nembure,KE0646,,312,Polygon,
Kithungo/kitundu,14,Eastern,Makueni,Mbooni,KE0647,,413,Polygon,
Kitise/Kithuki,10,Eastern,Makueni,Kathonzweni,KE0648,,427,Polygon,
Kitisuru,3,Nairobi,Nairobi,Westlands,KE0649,,1366,Polygon,
Kitutu Central,1,Nyanza,Kisii Central,Mosocho,KE0650,,1344,Polygon,
Kiunga,4,Coast,Lamu,Kiunga,KE0651,,102,Polygon,
Kiuu,1,Central,Thika,Ruiru,KE0652,,574,Polygon,
Kivaa,8,Eastern,Machakos,Masinga,KE0653,,371,Polygon,
Kivou,5,Eastern,Kitui,Central,KE0654,,341,Polygon,
Kivumbini,1,Rift Valley,Nakuru,Elburgon,KE0655,,877,Polygon,spelling
Kiwawa,9,Rift Valley,West Pokot,Kasei,KE0656,,655,Polygon,
Kobura,8,Nyanza,Nyando,Kadibo,KE0657,,1210,Polygon,
Kochia,10,Nyanza,Homa Bay,Rangwe,KE0658,,1240,Polygon,
Kodich,6,Rift Valley,West Pokot,Kacheliba,KE0659,,652,Polygon,
Koibatek,7,Rift Valley,Baringo,Esageri,KE0660,,810,Polygon,
Koisagat/Kapsang,3,Rift Valley,Uasin Gishu,Soy,KE0661,,,,
Kojwach,3,Nyanza,Rachuonyo,Kasipul,KE0662,,1229,Polygon,
Kokwanyo/Kakelo,4,Nyanza,Rachuonyo,Kasipul,KE0663,,1228,Polygon,
Kola,3,Eastern,Machakos,Kalama,KE0664,,404,Polygon,
Kolowa,6,Rift Valley,Baringo,Kolowa,KE0665,,782,Polygon,
Kolwa Central,2,Nyanza,Kisumu,Winam,KE0666,,1190,Polygon,
Kolwa East,3,Nyanza,Kisumu,Winam,KE0667,,1187,Polygon,
Komarock,1,Nairobi,Nairobi,Embakasi,KE0668,,1419,Polygon,
Komothai,5,Central,Kiambu,Githunguri,KE0669,,581,Polygon,
Kondele,1,Nyanza,Kisumu,Winam,KE0670,,1200,Polygon,
Kong'asis,9,Rift Valley,Bomet,Siongiroi,KE0671,,971,Polygon,
Kongoni,1,Western,Kakamega,Likuyani,KE0672,,999,Polygon,
Kongowea,1,Coast,Mombasa,Kisauni,KE0673,,19,Polygon,
Konyu,4,Central,Nyeri,Mathira,KE0674,,480,Polygon,
Korogocho,2,Nairobi,Nairobi,Kasarani,KE0675,,1405,Polygon,
Korondile,3,North Eastern,Wajir,Buna,KE0676,,163,Polygon,
Korr/Ngurunit,5,Eastern,Marsabit,Laisamis,KE0677,,238,Polygon,
Kosirai,11,Rift Valley,Nandi,Kosirai,KE0678,,766,Polygon,
Kotaruk/Lobei,5,Rift Valley,Turkana,Turkwel,KE0679,,629,Polygon,
Koyo/Ndurio,12,Rift Valley,Nandi,Kaptumo,KE0680,,760,Polygon,
Koyonzo,3,Western,Kakamega,Matungu,KE0681,,1027,Polygon,
Kubo South,11,Coast,Kwale,Kubo,KE0682,,42,Polygon,
Kuinet/Kapsuswa,2,Rift Valley,Uasin Gishu,Soy,KE0683,,707,Polygon,
Kuku,3,Rift Valley,Kajiado,Loitokitok,KE0684,,933,Polygon,
Kunyak,4,Rift Valley,Kericho,Chilchila,KE0685,,940,Polygon,
Kurgung/Surungai,9,Rift Valley,Nandi,Kipkaren,KE0686,,776,Polygon,
Kutulo,8,North Eastern,Mandera,Kutulo,KE0687,,207,Polygon,
Kwa,4,Nyanza,Migori,Suba East,KE0688,,1272,Polygon,
Kwa Mutonga/Kithumula,9,Eastern,Kitui,Matinyani,KE0689,,349,Polygon,spelling
Kwa Njenga,1,Nairobi,Nairobi,Embakasi,KE0690,,1407,Polygon,
Kwa Reuben,1,Nairobi,Nairobi,Embakasi,KE0691,,1408,Polygon,
Kwa Vonza/Yatta,8,Eastern,Kitui,Yatta,KE0692,,352,Polygon,spelling
Kwabwai,8,Nyanza,Homa Bay,Kobama,KE0693,,1245,Polygon,
Kwanza,4,Rift Valley,Trans Nzoia,Kwanza,KE0694,,677,Polygon,
Kware,1,Nairobi,Nairobi,Embakasi,KE0695,,1410,Polygon,
Kyangwithya East,4,Eastern,Kitui,Central,KE0696,,358,Polygon,
Kyangwithya West,7,Eastern,Kitui,Central,KE0697,,356,Polygon,
Kyeleni,5,Eastern,Machakos,Matungulu,KE0698,,389,Polygon,
Kyeni North,4,Eastern,Embu,Kyeni,KE0699,,321,Polygon,
Kyeni South,6,Eastern,Embu,Kyeni,KE0700,,322,Polygon,
Kyethani/kiomo,6,Eastern,Kitui,Central,KE0701,,339,Polygon,spelling
Kyuso,12,Eastern,Kitui,Kyuso,KE0702,,332,Polygon,
Loita,1,Rift Valley,Narok,,KE0703,,904,Polygon,spelling
Labisgale,1,North Eastern,Garissa,Dadaab,KE0704,,148,Polygon,
Lafey,4,North Eastern,Mandera,Lafey,KE0705,,218,Polygon,
Lag Sure,1,North Eastern,Mandera,Takaba,KE0706,,193,Polygon,spacing
Lagboghol South,5,North Eastern,Wajir,Central,KE0707,,188,Polygon,spelling
Laini Saba,1,Nairobi,Nairobi,Kibera,KE0708,,1386,Polygon,
Lake Nakuru National Park,3,Rift Valley,Nakuru,Elburgon,KE0709,,,,
Lake Zone,9,Rift Valley,Turkana,Lapur,KE0710,,612,Polygon,spelling
Lakeview,1,Rift Valley,Nakuru,Naivasha,KE0711,,838,Polygon,
Lakole South,2,North Eastern,Wajir,El-das,KE0712,,182,Polygon,spelling
Lambwe,6,Nyanza,Suba,Lambwe,KE0713,,1256,Polygon,
Landimawe,1,Nairobi,Nairobi,Makadara,KE0714,,1443,Polygon,
Lanet/Umoja,2,Rift Valley,Nakuru,Bahati,KE0715,,868,Polygon,
Langalanga,1,Rift Valley,Nakuru,Elburgon,KE0716,,,,
Langas,1,Rift Valley,Uasin Gishu,Kapsaret,KE0717,,726,Polygon,
Lapur,9,Rift Valley,Turkana,Lapur,KE0718,,613,Polygon,
Lare,5,Rift Valley,Nakuru,Njoro,KE0719,,834,Polygon,
Barwessa,8,Rift Valley,Baringo,Barwessa,KE0720,,788,Polygon,done
Lelan,22,Rift Valley,West Pokot,Lelan,KE0721,,659,Polygon,
Lelmokwo/Ngechek,12,Rift Valley,Nandi,Kosirai,KE0722,,767,Polygon,spelling
Lembus,5,Rift Valley,Baringo,Torongo,KE0723,,805,Polygon,
Lembus Central,5,Rift Valley,Baringo,Eldama Ravine,KE0724,,806,Polygon,spelling
Lembus/Perkerra,9,Rift Valley,Baringo,Eldama Ravine,KE0725,,809,Polygon,
Lereshwa,2,Central,Nyandarua,Kipipiri,KE0726,,,,
Leshau/Pondo,4,Central,Nyandarua,Ndaragwa,KE0727,,462,Polygon,
Letea,7,Rift Valley,Turkana,Oropoi,KE0728,,619,Polygon,
Libehia,4,North Eastern,Mandera,Hareri Lihehia,KE0729,,216,Polygon,
Liboi,3,North Eastern,Garissa,Liboi,KE0730,,150,Polygon,
Likoni,1,Coast,Mombasa,Likoni,KE0731,,24,Polygon,
Likuyani,2,Western,Kakamega,Likuyani,KE0732,,997,Polygon,
Limuru Central,4,Central,Kiambu,Limuru,KE0733,,602,Polygon,
Limuru East,3,Central,Kiambu,Limuru,KE0734,,604,Polygon,
Lindi,1,Nairobi,Nairobi,Kibera,KE0735,,1387,Polygon,
Litein,9,Rift Valley,Bureti,Bureti,KE0736,,954,Polygon,
Lobokat,3,Rift Valley,Turkana,Kainuk,KE0737,,635,Polygon,
Lodokejek,8,Rift Valley,Samburu,Lorroki,KE0738,,661,Polygon,
Lodwar Township,3,Rift Valley,Turkana,Central,KE0739,,627,Polygon,
Logologo,9,Eastern,Marsabit,Laisamis,KE0740,,239,Polygon,spelling
Loima,4,Rift Valley,Turkana,Loima,KE0741,,631,Polygon,
Loiyamorok,4,Rift Valley,Baringo,Nginyang,KE0742,,785,Polygon,
Loiyangalani,8,Eastern,Marsabit,Loiyangalani,KE0743,,236,Polygon,
Lokichar,4,Rift Valley,Turkana,Lokichar,KE0744,,637,Polygon,
Lokichoggio,4,Rift Valley,Turkana,Lokichoggio,KE0745,,622,Polygon,
Lokiriama/Lorengippi,8,Rift Valley,Turkana,Loima,KE0746,,632,Polygon,
Lokori/Kochodin,8,Rift Valley,Turkana,Lokori,KE0747,,640,Polygon,
Lolgorian,8,Rift Valley,Transmara,Keiyan,KE0748,,886,Polygon,
Lomut,14,Rift Valley,West Pokot,Chesegon,KE0749,,649,Polygon,
Londiani,5,Rift Valley,Kericho,Londiani,KE0750,,936,Polygon,
London,3,Rift Valley,Nakuru,Municipality,KE0751,,871,Polygon,
Longisa,6,Rift Valley,Bomet,Longisa,KE0752,,978,Polygon,
Loosuk,4,Rift Valley,Samburu,Kirisia,KE0753,,664,Polygon,
Lopur,3,Rift Valley,Turkana,Kakuma,KE0754,,618,Polygon,
Lower Kaewa/Iveti,5,Eastern,Machakos,Kathiani,KE0755,,393,Polygon,spelling
Lower Savanna,1,Nairobi,Nairobi,Embakasi,KE0756,,1422,Polygon,
Luanda,4,Western,Vihiga,Luanda,KE0757,,1068,Polygon,spelling
Luanda South,5,Western,Vihiga,Luanda,KE0758,,1071,Polygon,
Lucky Summer,1,Nairobi,Nairobi,Kasarani,KE0759,,1404,Polygon,
Lugaga/Wamuluma,6,Western,Vihiga,Vihiga,KE0760,,1051,Polygon,spelling
Lugari,2,Western,Kakamega,Lugari,KE0761,,992,Polygon,
Lulis/Eyemole,2,North Eastern,Mandera,Banissa,KE0762,,,,
Lumakanda,2,Western,Kakamega,Lugari,KE0763,,993,Polygon,
Lusheya/Lubinu,3,Western,Kakamega,East Wanga,KE0764,,1024,Polygon,
Lwandanyi,7,Western,Bungoma,Malakisi,KE0765,,1084,Polygon,spelling
Lwandeti,4,Western,Kakamega,Matete,KE0766,,996,Polygon,
Lyaduywa/Izava,6,Western,Vihiga,Sabatia,KE0767,,1055,Polygon,
Maji Moto/Naroosura,1,Rift Valley,Narok,,KE0768,,901,Polygon,spelling
Melelo,1,Rift Valley,Narok,,KE0769,,903,Polygon,spelling
Melili,1,Rift Valley,Narok,,KE0770,,896,Polygon,spelling
MOSIRO(Narok East),1,Rift Valley,Narok,,KE0771,,,,
Maai Mahiu,3,Rift Valley,Nakuru,Naivasha,KE0772,,839,Polygon,
Maalamin,3,North Eastern,Garissa,Madogashe,KE0773,,143,Polygon,
Mabatini,1,Nairobi,Nairobi,Central,KE0774,,1446,Polygon,
Macalder/Kanyarwan,6,Nyanza,Migori,Nyatike,KE0775,,1285,Polygon,spelling
Machakos Central,4,Eastern,Machakos,Central,KE0776,,401,Polygon,
Machewa,1,Rift Valley,Trans Nzoia,Saboti,KE0777,,687,Polygon,
Mackinnon Road,5,Coast,Kwale,Samburu,KE0778,,47,Polygon,
Madogashe,1,North Eastern,Garissa,Madogashe,KE0779,,140,Polygon,spelling
Madogo,6,Coast,Tana River,Bangale,KE0780,,100,Polygon,
Maella,5,Rift Valley,Nakuru,Naivasha,KE0781,,840,Polygon,
Maeni,2,Western,Bungoma,Kimilili,KE0782,,1113,Polygon,
Magadi,12,Rift Valley,Kajiado,Magadi,KE0783,,928,Polygon,
Magarini,4,Coast,Malindi,Magarini,KE0784,,81,Polygon,
Magenche,3,Nyanza,Gucha (kisii South),Kenyenya,KE0785,,1314,Polygon,
Magogoni,1,Coast,Mombasa,Kisauni,KE0786,,14,Polygon,
Magombo,5,Nyanza,Kisii North (Nyamira),Manga,KE0787,,1349,Polygon,
Magumoini,14,Eastern,Meru South,Magumoni,KE0788,,303,Polygon,spelling
Magumu,3,Central,Nyandarua,South Kinangop,KE0789,,448,Polygon,
Magutu,5,Central,Nyeri,Mathira,KE0790,,478,Polygon,
Magwagwa,3,Nyanza,Kisii North (Nyamira),Nyamusi,KE0791,,1360,Polygon,
Mahiakalo,1,Western,Kakamega,Municipality,KE0792,,1013,Polygon,
Mahiga,9,Central,Nyeri,Othaya,KE0793,,483,Polygon,
Mahiga-ini,3,Central,Kirinyaga,Mwea,KE0794,,,,
Mahoo,2,Coast,Taita,Taita/taveta,KE0795,,112,Polygon,
Maikona,6,Eastern,Marsabit,Maikona,KE0796,,229,Polygon,
Majengo,2,Coast,Mombasa,Island,KE0797,,30,Polygon,
Majoge Basi,2,Nyanza,Gucha (kisii South),Ogembo,KE0798,,1323,Polygon,
Makima,3,Eastern,Mbeere,Mwea,KE0799,,324,Polygon,
Makina,1,Nairobi,Nairobi,Kibera,KE0800,,1388,Polygon,
Makindu,22,Eastern,Makueni,Makindu,KE0801,,431,Polygon,
Makongeni,5,Nairobi,Nairobi,Makadara,KE0802,,1433,Polygon,
Makutano,3,Rift Valley,Trans Nzoia,Kaplamai,KE0803,,695,Polygon,
Makutano/Mwala,23,Eastern,Machakos,Mwala,KE0804,,406,Polygon,
Makuyu,3,Central,Maragwa,Makuyu,KE0805,,534,Polygon,
Malaba Central,7,Western,Teso,Amagoro,KE0806,,1121,Polygon,
Malaba North,6,Western,Teso,Amagoro,KE0807,,1122,Polygon,
Malaba South,8,Western,Teso,Amagoro,KE0808,,1126,Polygon,
Malaha/Isongo/Makunga,3,Western,Kakamega,East Wanga,KE0809,,1025,Polygon,
Malakisi/SouthKulisiru,4,Western,Bungoma,Sirisia,KE0810,,1083,Polygon,
Malalani/Endau,8,Eastern,Kitui,Mwitika,KE0811,,363,Polygon,spelling
Malewa West,3,Rift Valley,Nakuru,Olenguruone,KE0812,,847,Polygon,
Malindi,1,Coast,Malindi,Malindi,KE0813,,78,Polygon,
Malkamari,4,North Eastern,Mandera,Malkamari,KE0814,,199,Polygon,
Manda/Shivanga,4,Western,Kakamega,Kabras,KE0815,,1006,Polygon,spelling
Manga,4,Nyanza,Kisii North (Nyamira),Manga,KE0816,,1350,Polygon,
Mangu,6,Central,Thika,Kamwangi,KE0817,,558,Polygon,spelling
Manyatta 'B',1,Nyanza,Kisumu,Winam,KE0818,,1188,Polygon,spelling
Mara,1,Rift Valley,Narok,,KE0819,,908,Polygon,
Marachi Central,2,Western,Busia,Butula,KE0820,,1144,Polygon,
Marachi East,2,Western,Busia,Butula,KE0821,,1145,Polygon,
Marachi North,4,Western,Busia,Butula,KE0822,,1146,Polygon,
Marachi West,5,Western,Busia,Butula,KE0823,,1142,Polygon,
Marafa,3,Coast,Malindi,Marafa,KE0824,,80,Polygon,
Maraka,2,Western,Bungoma,Webuye,KE0825,,1106,Polygon,
Marakaru,1,Western,Bungoma,Kanduyi,KE0826,,,,
Maralal,7,Rift Valley,Samburu,Kirisia,KE0827,,663,Polygon,
Marama Central,6,Western,Kakamega,Butere,KE0828,,1033,Polygon,
Marama North,4,Western,Kakamega,Butere,KE0829,,1035,Polygon,
Marama South,5,Western,Kakamega,Butere,KE0830,,1036,Polygon,
Marama West,4,Western,Kakamega,Butere,KE0831,,1032,Polygon,
Marani,4,Nyanza,Kisii Central,Marani,KE0832,,1339,Polygon,
Marenyo/Shianda,6,Western,Kakamega,Butere,KE0833,,1034,Polygon,
Mariakani,2,Coast,Kilifi,Kaloleni,KE0834,,63,Polygon,
Mariani,6,Eastern,Meru South,Chuka,KE0835,,301,Polygon,
Mariashoni,3,Rift Valley,Nakuru,Njoro,KE0836,,826,Polygon,
Marigat,19,Rift Valley,Baringo,Marigat,KE0837,,798,Polygon,
Marimanti,12,Eastern,Tharaka,Tharaka Central,KE0838,,310,Polygon,
Maringo/Hamza,3,Nairobi,Nairobi,Pumwani,KE0839,,1430,Polygon,
Marmanet,8,Rift Valley,Laikipia,Ng'arua,KE0840,,814,Polygon,
Marothile,2,North Eastern,Mandera,As-habito,KE0841,,203,Polygon,
Marsabet central,6,Eastern,Marsabit,Central,KE0842,,235,Polygon,
Marungu,2,Coast,Taita,Voi,KE0843,,128,Polygon,
Masaba,7,Nyanza,Kuria,Masaba,KE0844,,1293,Polygon,
Masalani,9,North Eastern,Ijara,Masalani,KE0845,,160,Polygon,
Masige East,4,Nyanza,Gucha (kisii South),Nyamache,KE0846,,1316,Polygon,
Masige West,6,Nyanza,Gucha (kisii South),Nyamache,KE0847,,1315,Polygon,
Masii,9,Eastern,Machakos,Mwala,KE0848,,407,Polygon,
Masimba,8,Nyanza,Kisii Central,Masaba,KE0849,,1328,Polygon,
Masinga Central,8,Eastern,Machakos,Masinga,KE0850,,372,Polygon,
Masol,6,Rift Valley,West Pokot,Sigor,KE0851,,648,Polygon,spelling
Masongaleni,10,Eastern,Makueni,Kibwezi,KE0852,,437,Polygon,
Masumba/Nguu,30,Eastern,Makueni,Nguu,KE0853,,435,Polygon,spelling
Mata,2,Coast,Taita,Taita/taveta,KE0854,,115,Polygon,
Matapato North,8,Rift Valley,Kajiado,Namanga,KE0855,,919,Polygon,
Matapato South,6,Rift Valley,Kajiado,Namanga,KE0856,,920,Polygon,
Matayos South,9,Western,Busia,Matayos,KE0857,,1139,Polygon,
Mathare North,1,Nairobi,Nairobi,Kasarani,KE0858,,1403,Polygon,
Matinyani,10,Eastern,Kitui,Matinyani,KE0859,,348,Polygon,
Matisi,3,Rift Valley,Trans Nzoia,Central,KE0860,,684,Polygon,
Matsangoni,4,Coast,Kilifi,Bahari,KE0861,,55,Polygon,
Matulo,3,Western,Bungoma,Webuye,KE0862,,1109,Polygon,
Matumbei,2,Rift Valley,Trans Nzoia,Endebes,KE0863,,682,Polygon,
Matungulu East,5,Eastern,Machakos,Matungulu,KE0864,,387,Polygon,
Matungulu North,5,Eastern,Machakos,Matungulu,KE0865,,386,Polygon,
Matungulu West,9,Eastern,Machakos,Matungulu,KE0866,,388,Polygon,
Matuu,4,Eastern,Machakos,Yatta,KE0867,,377,Polygon,
Mau Narok,2,Rift Valley,Nakuru,Mauche,KE0868,,830,Polygon,
Maua Town,8,Eastern,Meru North,Igembe East,KE0869,,251,Polygon,spelling
Mauche,9,Rift Valley,Nakuru,Lare,KE0870,,831,Polygon,
Mautuma,2,Western,Kakamega,Lugari,KE0871,,991,Polygon,
Mavindini,10,Eastern,Makueni,Kathonzweni,KE0872,,426,Polygon,
Mavuria,8,Eastern,Mbeere,Gachoka,KE0873,,326,Polygon,
Ziwa La Ng'ombe,1,Coast,Mombasa,Kisauni,KE0874,,17,Polygon,
Mayenje,1,Western,Busia,Township,KE0875,,1138,Polygon,
Mayoni,2,Western,Kakamega,Matungu,KE0876,,1030,Polygon,
Mazeras/mugumo Wa Patsa,2,Coast,Kilifi,Kaloleni,KE0877,,,,
Mbakalo,2,Western,Bungoma,Tongaren,KE0878,,1115,Polygon,
Mbaruk/Eburu,3,Rift Valley,Nakuru,Municipality,KE0879,,846,Polygon,
Mbeti,5,Eastern,Mbeere,Gachoka,KE0880,,325,Polygon,spelling
Mbeti North,4,Eastern,Embu,Central,KE0881,,314,Polygon,
Mbeu,6,Eastern,Meru North,Uringu,KE0882,,270,Polygon,
Mbiri,7,Central,Murang'a,Kiharu,KE0883,,524,Polygon,
Mbitini,35,Eastern,Kitui,Chuluni,KE0884,,430,Polygon,
Mboghoni,3,Coast,Taita,Taita/taveta,KE0885,,114,Polygon,
Mbololo,3,Coast,Taita,Voi,KE0886,,125,Polygon,
Mbooni,8,Eastern,Makueni,Mbooni,KE0887,,412,Polygon,
Megun,3,Rift Valley,Uasin Gishu,Kesses,KE0888,,725,Polygon,
Mekenene,4,Nyanza,Kisii North (Nyamira),Borabu,KE0889,,1362,Polygon,
Menengai,3,Rift Valley,Nakuru,Kamara,KE0890,,879,Polygon,
Menengai west,5,Rift Valley,Nakuru,Rongai,KE0891,,860,Polygon,
Merigi,6,Rift Valley,Bomet,Bomet Central,KE0892,,976,Polygon,
Metkei,9,Rift Valley,Elgeyo Marakwet,Metkei,KE0893,,750,Polygon,
Mfang'ano Island,6,Nyanza,Suba,Mfang'ano,KE0894,,1252,Polygon,spelling
Miambani,5,Eastern,Kitui,Central,KE0895,,354,Polygon,
Migosi,1,Nyanza,Kisumu,Winam,KE0896,,1197,Polygon,
Migwani,10,Eastern,Kitui,Central,KE0897,,338,Polygon,
Mihang'o,1,Nairobi,Nairobi,Embakasi,KE0898,,1425,Polygon,
Mihuu,4,Western,Bungoma,Ndivisi,KE0899,,1104,Polygon,
Mikindani,2,Coast,Mombasa,Changamwe,KE0900,,8,Polygon,
Mikinduni,5,Coast,Tana River,Galole,KE0901,,93,Polygon,
Mikinduri,5,Eastern,Meru North,Tigania Central,KE0902,,272,Polygon,
Milangine,2,Central,Nyandarua,Ol Kalou,KE0903,,455,Polygon,spelling
Milima,1,Western,Bungoma,Tongaren,KE0904,,1117,Polygon,
Milimani/Milimani,2,Nyanza,Kisumu,Winam,KE0905,,,,
Miritini,1,Coast,Mombasa,Changamwe,KE0906,,7,Polygon,
Mitaboni,6,Eastern,Machakos,Kathiani,KE0907,,390,Polygon,spelling
Mitheru,3,Eastern,Meru South,Muthambi,KE0908,,296,Polygon,
Mitunguu,2,Eastern,Meru Central,Nkuene,KE0909,,290,Polygon,
Miwani,4,Nyanza,Nyando,Miwani,KE0910,,1211,Polygon,
Mjambere,1,Coast,Mombasa,Kisauni,KE0911,,9,Polygon,
Mji Wa Kale/makadara,3,Coast,Mombasa,Island,KE0912,,26,Polygon,
Mkomani,1,Coast,Mombasa,Kisauni,KE0913,,105,Polygon,
Mkongani,4,Coast,Kwale,Kubo,KE0914,,43,Polygon,
Mkunumbi,4,Coast,Lamu,Mpeketoni,KE0915,,107,Polygon,
Mlango Kubwa,1,Nairobi,Nairobi,Central,KE0916,,1449,Polygon,
Mnagei,9,Rift Valley,West Pokot,Kapenguria,KE0917,,643,Polygon,
Mnarani,5,Coast,Kilifi,Kikambala,KE0918,,57,Polygon,
Mochongoi,13,Rift Valley,Baringo,Mochongoi,KE0919,,800,Polygon,
Mogogosiek,7,Rift Valley,Bureti,Konoin,KE0920,,988,Polygon,
Mogondo,3,Rift Valley,Transmara,Kirindon,KE0921,,889,Polygon,
Mogotio,14,Rift Valley,Baringo,Sirwa,KE0922,,802,Polygon,
Moi's Bridge,1,Rift Valley,Uasin Gishu,Soy,KE0923,,701,Polygon,
Moiben,5,Rift Valley,Uasin Gishu,Moiben,KE0924,,717,Polygon,
Moiben/Kuserwo,7,Rift Valley,Elgeyo Marakwet,Chebiemit,KE0925,,738,Polygon,
Mokerero,3,Nyanza,Kuria,Kehancha,KE0926,,1292,Polygon,
Molo,4,Rift Valley,Nakuru,Molo,KE0927,,829,Polygon,
Mosiro,2,Rift Valley,Kajiado,Ngong,KE0928,,897,Polygon,
Mosop,8,Rift Valley,Nakuru,Rongai,KE0929,,863,Polygon,
Moticho,4,Nyanza,Gucha (kisii South),Etago,KE0930,,1309,Polygon,
Motosiet,2,Rift Valley,Trans Nzoia,Kaplamai,KE0931,,697,Polygon,
Mountain View,2,Nairobi,Nairobi,Westlands,KE0932,,1370,Polygon,
Mowlem,1,Nairobi,Nairobi,Embakasi,KE0933,,1428,Polygon,
Mt. Elgon,20,Western,Mt. Elgon,Kaptama,KE0934,,1081,Polygon,spelling
Mtepeni,3,Coast,Kilifi,Kikambala,KE0935,,62,Polygon,
Mtito Andei,8,Eastern,Makueni,Mtito Andei,KE0936,,438,Polygon,
Mtongwe,1,Coast,Mombasa,Likoni,KE0937,,21,Polygon,
Mtopanga,1,Coast,Mombasa,Kisauni,KE0938,,13,Polygon,
Mua,7,Eastern,Machakos,Central,KE0939,,399,Polygon,
Muchatha,3,Central,Kiambu,Kiambaa,KE0940,,589,Polygon,
Mugoiri,4,Central,Murang'a,Kahuro,KE0941,,523,Polygon,
Muguga,3,Central,Kiambu,Kikuyu,KE0942,,592,Polygon,
Mugumo-ini,2,Nairobi,Nairobi,Kibera,KE0943,,1383,Polygon,
Mugumoini,5,Central,Thika,Gatanga,KE0944,,,,
Mugunda,6,Central,Nyeri,Kieni West,KE0945,,472,Polygon,
Muguru,8,Central,Murang'a,Kangema,KE0946,,517,Polygon,
Mugwe,7,Eastern,Meru South,Chuka,KE0947,,304,Polygon,
Muhoroni/Koru,9,Nyanza,Nyando,Muhoroni,KE0948,,1215,Polygon,spelling
Muhudu,3,Western,Vihiga,Tiriki East,KE0949,,1065,Polygon,
Muhuru,8,Nyanza,Migori,Muhuru,KE0950,,1288,Polygon,
Mui,6,Eastern,Kitui,Mui,KE0951,,344,Polygon,
Mukaa,8,Eastern,Makueni,Kilome,KE0952,,418,Polygon,
Mukogodo East,9,Rift Valley,Laikipia,Mukogodo,KE0953,,825,Polygon,
Mukogodo West,5,Rift Valley,Laikipia,Mukogodo,KE0954,,824,Polygon,
Mukothima,6,Eastern,Tharaka,Tharaka North,KE0955,,307,Polygon,
Mukure,4,Central,Kirinyaga,Ndia,KE0956,,509,Polygon,
Mukurweni Central,8,Central,Nyeri,Mukurweini,KE0957,,490,Polygon,
Mukurweni West,7,Central,Nyeri,Mukurweini,KE0958,,489,Polygon,
Mukutani,6,Rift Valley,Baringo,Mukutani,KE0959,,801,Polygon,
Mukuyuni,5,Western,Bungoma,Chwele,KE0960,,1088,Polygon,
Mulango,7,Eastern,Kitui,Central,KE0961,,357,Polygon,
Mumberes/Maji Mazuri,4,Rift Valley,Baringo,Eldama Ravine,KE0962,,808,Polygon,
Mumbuni North,3,Eastern,Machakos,Central,KE0963,,402,Polygon,
Mumias Central,3,Western,Kakamega,Mumias,KE0964,,1020,Polygon,
Mumias North,1,Western,Kakamega,Mumias,KE0965,,1021,Polygon,
Muminji,5,Eastern,Mbeere,Siakago,KE0966,,329,Polygon,
Mumoni,14,Eastern,Kitui,Mumoni,KE0967,,333,Polygon,
Munanda,5,Rift Valley,Nakuru,Mbogoini,KE0968,,,,
Mungoma,4,Western,Vihiga,Vihiga,KE0969,,1054,Polygon,
Municipality,4,Eastern,Meru Central,Miriga Mieru West,KE0970,,276,Polygon,
Murarandia,5,Central,Murang'a,Kahuro,KE0971,,526,Polygon,
Murera,1,Central,Thika,Ruiru,KE0972,,559,Polygon,
Murhanda,4,Western,Kakamega,Shinyalu,KE0973,,1042,Polygon,
Murindat,3,Rift Valley,Nakuru,Gilgil,KE0974,,848,Polygon,
Murinduko,4,Central,Kirinyaga,Mwea,KE0975,,501,Polygon,
Muruka,3,Central,Maragwa,Kandara,KE0976,,540,Polygon,
Murungaru,3,Central,Nyandarua,North Kinangop,KE0977,,444,Polygon,
Musanda,4,Western,Kakamega,South Wanga,KE0978,,1023,Polygon,
Musikoma,2,Western,Bungoma,Kanduyi,KE0979,,1100,Polygon,
Mutarakwa,5,Rift Valley,Bomet,Mutarakwa,KE0980,,985,Polygon,
Mutha,10,Eastern,Kitui,Mutha,KE0981,,367,Polygon,
Muthambi,6,Eastern,Meru South,Muthambi,KE0982,,297,Polygon,
Muthara,8,Eastern,Meru North,Tigania North,KE0983,,274,Polygon,
Muthesya,4,Eastern,Machakos,Ndithini,KE0984,,374,Polygon,
Muthetheni,10,Eastern,Machakos,Yathui,KE0985,,408,Polygon,
Muthithi,5,Central,Maragwa,Maragwa,KE0986,,529,Polygon,
Muthwani,3,Eastern,Machakos,Athi River,KE0987,,396,Polygon,
Mutira,4,Central,Kirinyaga,Central,KE0988,,512,Polygon,
Mutithi,4,Central,Kirinyaga,Mwea,KE0989,,496,Polygon,
Mutito/Kaliku,8,Eastern,Kitui,Mutito,KE0990,,364,Polygon,
Mutituni,6,Eastern,Machakos,Central,KE0991,,400,Polygon,
Mutomo,6,Eastern,Kitui,Mutomo,KE0992,,366,Polygon,
Mutonguni,9,Eastern,Kitui,Mutonguni,KE0993,,346,Polygon,spelling
Mutu-Ini,2,Nairobi,Nairobi,Dagoretti,KE0994,,1376,Polygon,
Muvuti/Kiima-kimwe,7,Eastern,Machakos,Central,KE0995,,403,Polygon,
Mwaking'oina,2,Nyanza,Kisii Central,Marani,KE0996,,,,
Mwakirunge,2,Coast,Mombasa,Kisauni,KE0997,,12,Polygon,
Mwalano,12,Eastern,Kitui,Migwani,KE0998,,,,
Mwamonari,2,Nyanza,Kisii Central,Marani,KE0999,,,,
Mwanamwinga,3,Coast,Kilifi,Kaloleni,KE1000,,66,Polygon,
Mwanda/mghange,6,Coast,Taita,Wundanyi,KE1001,,119,Polygon,spelling
Mwangathia,6,Eastern,Meru Central,Abothuguchi East,KE1002,,285,Polygon,
Mwarakaya,4,Coast,Kilifi,Chonyi,KE1003,,59,Polygon,
Mwariki A,1,Rift Valley,Nakuru,Municipality,KE1004,,,,
Mwatate,3,Coast,Taita,Mwatate,KE1005,,121,Polygon,
Mwavumbo,4,Coast,Kwale,Samburu,KE1006,,49,Polygon,
Mwawesa,5,Coast,Kilifi,Kaloleni,KE1007,,67,Polygon,
Mwea,4,Eastern,Mbeere,Mwea,KE1008,,323,Polygon,
Mwereni,3,Coast,Kwale,Lungalunga,KE1009,,37,Polygon,
Mwibona,3,Western,Vihiga,Luanda,KE1010,,1070,Polygon,
Mwihoko,1,Central,Thika,Ruiru,KE1011,,576,Polygon,
Mwiki,2,Nairobi,Nairobi,Kasarani,KE1012,,575,Polygon,
Mwimbi,7,Eastern,Meru South,Mwimbi,KE1013,,298,Polygon,
Mwitika/Zombe,9,Eastern,Kitui,Mutito,KE1014,,359,Polygon,
Mwiyogo/Endarasha,5,Central,Nyeri,Kieni West,KE1015,,471,Polygon,
Mwonyorero,3,Nyanza,Kisii Central,Marani,KE1016,,,,
Naikarra,1,Rift Valley,Narok,,KE1017,,910,Polygon,
Narok Town,1,Rift Valley,Narok,,KE1018,,893,Polygon,spelling
Nkareta,1,Rift Valley,Narok,,KE1019,,894,Polygon,spelling
Naathu,2,Eastern,Meru North,Mutuati,KE1020,,264,Polygon,
Nabiswa,1,Rift Valley,Trans Nzoia,Kiminini,KE1021,,693,Polygon,
Nachola,7,Rift Valley,Samburu,Nyiro,KE1022,,667,Polygon,
Nachu,4,Central,Kiambu,Kikuyu,KE1023,,597,Polygon,
Nairobi Central,6,Nairobi,Nairobi,Central,KE1024,,1439,Polygon,
Nairobi South,2,Nairobi,Nairobi,Makadara,KE1025,,1444,Polygon,
Nairobi West,1,Nairobi,Nairobi,Kibera,KE1026,,1382,Polygon,
Naitiri/Kabuyefwe,3,Western,Bungoma,Tongaren,KE1027,,1116,Polygon,
Naivasha East,2,Rift Valley,Nakuru,Naivasha,KE1028,,842,Polygon,
Nakalale,4,Rift Valley,Turkana,Kakuma,KE1029,,616,Polygon,
Nakuru East,4,Rift Valley,Nakuru,Elburgon,KE1030,,880,Polygon,
Namamali,4,Western,Kakamega,Matungu,KE1031,,1031,Polygon,
Nambale,3,Western,Busia,Nambale,KE1032,,1133,Polygon,
Namboboto-Nambuku,10,Western,Busia,Funyula,KE1033,,1148,Polygon,
Namwela,3,Western,Bungoma,Sirisia,KE1034,,1082,Polygon,
Nanaam,5,Rift Valley,Turkana,Lokichoggio,KE1035,,623,Polygon,
Nandi Hills,18,Rift Valley,Nandi,Nandi Hills,KE1036,,761,Polygon,
Nangina,8,Western,Busia,Funyula,KE1037,,1149,Polygon,
Nanighi,2,North Eastern,Garissa,Bura,KE1038,,156,Polygon,
Nanyuki,3,Rift Valley,Laikipia,Central,KE1039,,820,Polygon,
Naromoru/Kiamathag,7,Central,Nyeri,Kieni East,KE1040,,470,Polygon,
Ndalani,5,Eastern,Machakos,Yatta,KE1041,,376,Polygon,
Ndalat,7,Rift Valley,Nandi,Kipkaren,KE1042,,778,Polygon,
Ndalu,2,Western,Bungoma,Tongaren,KE1043,,1118,Polygon,
Ndanai/Abosi,9,Rift Valley,Bomet,Ndanai,KE1044,,966,Polygon,
Ndaraweta,5,Rift Valley,Bomet,Bomet Central,KE1045,,982,Polygon,
Ndarugu,6,Central,Thika,Gatundu South,KE1046,,553,Polygon,spelling
Ndavaya,4,Coast,Kwale,Kinango,KE1047,,44,Polygon,
Ndeiya,4,Central,Kiambu,Ndeiya,KE1048,,603,Polygon,
Ndenderu,5,Central,Kiambu,Kiambaa,KE1049,,588,Polygon,
Ndithini,4,Eastern,Machakos,Ndithini,KE1050,,375,Polygon,
Ndivisi,6,Western,Bungoma,Ndivisi,KE1051,,1105,Polygon,
Ndoto,8,Rift Valley,Samburu,Baragoi,KE1052,,668,Polygon,
Ndumberi,2,Central,Kiambu,Kiambu Municipality,KE1053,,583,Polygon,
Nessuit,3,Rift Valley,Nakuru,Keringet,KE1054,,833,Polygon,
Ng'araria,3,Central,Maragwa,Kandara,KE1055,,539,Polygon,
Ngando,1,Nairobi,Nairobi,Dagoretti,KE1056,,1377,Polygon,
Ngara,2,Nairobi,Nairobi,Central,KE1057,,1440,Polygon,
Ngare Mara,2,Eastern,Isiolo,Central,KE1058,,245,Polygon,
Ngariama,4,Central,Kirinyaga,Gichugu,KE1059,,507,Polygon,
Ngecha/Tigoni,4,Central,Kiambu,Limuru,KE1060,,605,Polygon,spelling
Ngei,1,Nairobi,Nairobi,Central,KE1061,,1448,Polygon,
Ngenyilel,2,Rift Valley,Uasin Gishu,Turbo,KE1062,,708,Polygon,
Ngeria,2,Rift Valley,Uasin Gishu,Kapsaret,KE1063,,724,Polygon,
Ngewa,4,Central,Kiambu,Githunguri,KE1064,,580,Polygon,
Nginda,9,Central,Maragwa,Maragwa,KE1065,,313,Polygon,
Ngobit,4,Rift Valley,Laikipia,Lamuria,KE1066,,817,Polygon,
Ngolia,3,Coast,Taita,Tausa,KE1067,,130,Polygon,
Ngoliba,3,Central,Thika,Thika Municipality,KE1068,,568,Polygon,
Ngomeni,8,Eastern,Kitui,Ngomeni,KE1069,,331,Polygon,
Ngong,1,Rift Valley,Kajiado,Ngong,KE1070,,915,Polygon,
Nguni,8,Eastern,Kitui,Nguni,KE1071,,342,Polygon,
Nguumo,8,Eastern,Makueni,Makindu,KE1072,,432,Polygon,
Nguutani,8,Eastern,Kitui,Migwani,KE1073,,337,Polygon,
Njabini/Kiburu,2,Central,Nyandarua,South Kinangop,KE1074,,445,Polygon,spelling
Njia,7,Eastern,Meru North,Igembe North,KE1075,,259,Polygon,
Njiru,2,Nairobi,Nairobi,Embakasi,KE1076,,1399,Polygon,
Njoro,3,Rift Valley,Nakuru,Molo,KE1077,,835,Polygon,
Njukiine,4,Central,Kirinyaga,Gichugu,KE1078,,506,Polygon,
Nkaimurunya,2,Rift Valley,Kajiado,Ngong,KE1079,,913,Polygon,
Nkomo,6,Eastern,Meru North,Uringu,KE1080,,269,Polygon,
Nkondi,6,Eastern,Tharaka,Tharaka North,KE1081,,308,Polygon,
Nkuene,4,Eastern,Meru Central,Nkuene,KE1082,,295,Polygon,
North East Gem,1,Nyanza,Siaya,Yala,KE1083,,,,
North East Sakwa,4,Nyanza,Migori,Awendo,KE1084,,1265,Polygon,
North Gem,8,Nyanza,Siaya,Yala,KE1085,,1169,Polygon,
North Horr,4,Eastern,Marsabit,North Horr,KE1086,,231,Polygon,
North Kabuoch,7,Nyanza,Homa Bay,Riana,KE1087,,,,
North Kadem,8,Nyanza,Migori,Nyatike,KE1088,,1284,Polygon,
North Kamagambo,4,Nyanza,Migori,Rongo,KE1089,,1261,Polygon,
North Kanyamkago,5,Nyanza,Migori,Uriri,KE1090,,1278,Polygon,
North Karachuonyo,10,Nyanza,Rachuonyo,West Karachuonyo,KE1091,,1231,Polygon,
North Kinangop,2,Central,Nyandarua,North Kinangop,KE1092,,443,Polygon,
North Maragoli,5,Western,Vihiga,Sabatia,KE1093,,1058,Polygon,
North Nyakach,11,Nyanza,Nyando,Lower Nyakach,KE1094,,1217,Polygon,
North Rachuonyo,2,Nyanza,Rachuonyo,Kasipul,KE1095,,,,
North Seme,7,Nyanza,Kisumu,Maseno,KE1096,,1205,Polygon,
North Ugenya,5,Nyanza,Siaya,Ukwala,KE1097,,1158,Polygon,
North Uyoma,5,Nyanza,Bondo,Madiany,KE1098,,1183,Polygon,
North West Kisumu,4,Nyanza,Kisumu,Maseno,KE1099,,1195,Polygon,
Nthawa,4,Eastern,Mbeere,Siakago,KE1100,,328,Polygon,
Ntima East,4,Eastern,Meru Central,Miriga Mieru West,KE1101,,277,Polygon,
Ntima West,8,Eastern,Meru Central,Miriga Mieru West,KE1102,,278,Polygon,
Ntimaru East,3,Nyanza,Kuria,Ntimaru,KE1103,,1298,Polygon,
Ntimaru West,4,Nyanza,Kuria,Ntimaru,KE1104,,1297,Polygon,
Ntunene,2,Eastern,Meru North,Laare,KE1105,,262,Polygon,
Nuu,7,Eastern,Kitui,Nuu,KE1106,,343,Polygon,
Nyabasi East,6,Nyanza,Kuria,Kegonga,KE1107,,1299,Polygon,
Nyabasi West,6,Nyanza,Kuria,Kegonga,KE1108,,1300,Polygon,
Nyacheki,5,Nyanza,Gucha (kisii South),Nyacheki,KE1109,,1318,Polygon,
Nyaki East,10,Eastern,Meru Central,Miriga Mieru East,KE1110,,280,Polygon,
Nyaki West,9,Eastern,Meru Central,Miriga Mieru East,KE1111,,279,Polygon,
Nyakio,3,Central,Nyandarua,South Kinangop,KE1112,,446,Polygon,
Nyakoe,4,Nyanza,Kisii Central,Mosocho,KE1113,,1343,Polygon,
Nyalenda 'A',1,Nyanza,Kisumu,Winam,KE1114,,1189,Polygon,
Nyalenda 'B',1,Nyanza,Kisumu,Winam,KE1115,,1201,Polygon,spelling
Nyamaiya,5,Nyanza,Kisii North (Nyamira),Nyamaiya,KE1116,,1352,Polygon,
Nyamasibi,5,Nyanza,Kisii Central,Masaba,KE1117,,1327,Polygon,
Nyamusense/Komoso,4,Nyanza,Kuria,Mabera,KE1118,,1295,Polygon,spelling
Nyanduma,3,Central,Kiambu,Lari,KE1119,,608,Polygon,
Nyangati,5,Central,Kirinyaga,Mwea,KE1120,,500,Polygon,spelling
Nyangores,8,Rift Valley,Bomet,Bomet Central,KE1121,,972,Polygon,
Nyansiongo,2,Nyanza,Kisii North (Nyamira),Borabu,KE1122,,1364,Polygon,
Nyathuna,4,Central,Kiambu,Kikuyu,KE1123,,593,Polygon,spelling
Nyatieko,2,Nyanza,Kisii Central,Mosocho,KE1124,,1345,Polygon,
Nyayo Highrise,1,Nairobi,Nairobi,Kibera,KE1125,,1385,Polygon,
Nyiro,11,Rift Valley,Samburu,Nyiro,KE1126,,669,Polygon,
Nyota,8,Rift Valley,Nakuru,Kuresoi,KE1127,,854,Polygon,
Nzambani,2,Eastern,Kitui,Chuluni,KE1128,,360,Polygon,
Nzaui/kilili/Kalamba,12,Eastern,Makueni,Matiliku,KE1129,,429,Polygon,spelling
Nzoia,4,Western,Kakamega,Likuyani,KE1130,,1000,Polygon,
O'llessos,10,Rift Valley,Nandi,O'llessos,KE1131,,763,Polygon,spelling
Olokurto,1,Rift Valley,Narok,,KE1132,,892,Polygon,spelling
Ololulung'a,1,Rift Valley,Narok,,KE1133,,902,Polygon,spelling
Olorropil,1,Rift Valley,Narok,,KE1134,,895,Polygon,spelling
Olposimoru,1,Rift Valley,Narok,,KE1135,,891,Polygon,spelling
Obbu,5,Eastern,Moyale,Obbu,KE1136,,227,Polygon,
Ol Moran,3,Rift Valley,Laikipia,Ol Moran,KE1137,,811,Polygon,
Oldo-nyiro,4,Eastern,Isiolo,Oldo-nyiro,KE1138,,247,Polygon,spelling
Olkaria,1,Rift Valley,Nakuru,Naivasha,KE1139,,841,Polygon,
Olkeri,3,Rift Valley,Kajiado,Ngong,KE1140,,911,Polygon,
Ololmasani,5,Rift Valley,Transmara,Pirrar,KE1141,,888,Polygon,
Oloolua,3,Rift Valley,Kajiado,Ngong,KE1142,,914,Polygon,
Ombeyi,5,Nyanza,Nyando,Miwani,KE1143,,1212,Polygon,
Ong'ata Rongai,1,Rift Valley,Kajiado,Ngong,KE1144,,912,Polygon,
Pangani,1,Nairobi,Nairobi,Central,KE1145,,1441,Polygon,
Parklands/Highridge,3,Nairobi,Nairobi,Westlands,KE1146,,1367,Polygon,
Pipeline,1,Nairobi,Nairobi,Embakasi,KE1147,,1409,Polygon,
Pongwe / Kikoneni,4,Coast,Kwale,Msambweni,KE1148,,,,
Pongwe/Kikoneni,1,Coast,Kwale,Msambweni,KE1149,,35,Polygon,
Poro,8,Rift Valley,Samburu,Kirisia,KE1150,,665,Polygon,spelling
Port Reitz,1,Coast,Mombasa,Changamwe,KE1151,,1,Polygon,
Puma,3,Coast,Kwale,Kinango,KE1152,,45,Polygon,
Pumwani,2,Nairobi,Nairobi,Pumwani,KE1153,,1434,Polygon,
Purko,5,Rift Valley,Kajiado,Central,KE1154,,916,Polygon,
Racecourse,1,Rift Valley,Uasin Gishu,Kapsaret,KE1155,,727,Polygon,
Ragana/Oruba,2,Nyanza,Migori,Suba West,KE1156,,1275,Polygon,
Railways,3,Nyanza,Kisumu,Winam,KE1157,,1196,Polygon,
Ramisi,5,Coast,Kwale,Msambweni,KE1158,,34,Polygon,
Ravine,3,Rift Valley,Baringo,Eldama Ravine,KE1159,,807,Polygon,
Rhamu,4,North Eastern,Mandera,Rhamu,KE1160,,204,Polygon,
Rhamu Dimtu,5,North Eastern,Mandera,Rhamu Dimtu,KE1161,,205,Polygon,
Riabai,2,Central,Kiambu,Kiambu Municipality,KE1162,,584,Polygon,
Riana,2,Nyanza,Kisii Central,Suneka,KE1163,,1304,Polygon,
Ribikwo,6,Rift Valley,Baringo,Nginyang,KE1164,,783,Polygon,spelling
Rigoma,4,Nyanza,Kisii North (Nyamira),Rigoma,KE1165,,1346,Polygon,
Riruta,2,Nairobi,Nairobi,Dagoretti,KE1166,,1378,Polygon,
Riwo,16,Rift Valley,West Pokot,Kongelai,KE1167,,641,Polygon,
Rombo,3,Rift Valley,Kajiado,Loitokitok,KE1168,,934,Polygon,
Ronge,6,Coast,Taita,Mwambira,KE1169,,120,Polygon,
Rongena/Manaret,7,Rift Valley,Bureti,Sotik,KE1170,,970,Polygon,
Roysambu,2,Nairobi,Nairobi,Kasarani,KE1171,,1394,Polygon,
Ruai,2,Nairobi,Nairobi,Embakasi,KE1172,,1400,Polygon,
Rugi,6,Central,Nyeri,Mukurweini,KE1173,,488,Polygon,
Ruguru,8,Central,Nyeri,Mathira,KE1174,,477,Polygon,
Ruguru/Ngandori,8,Eastern,Embu,Manyatta,KE1175,,311,Polygon,spelling
Ruiri/Rwerera,6,Eastern,Meru Central,Buuri,KE1176,,284,Polygon,spelling
Ruma-Kaksingri East,4,Nyanza,Suba,Central,KE1177,,1260,Polygon,
Rumuruti Township,3,Rift Valley,Laikipia,Rumuruti,KE1178,,812,Polygon,
Rurii,3,Central,Nyandarua,Ol Kalou,KE1179,,457,Polygon,
Ruring'u,3,Central,Nyeri,Nyeri Municipality,KE1180,,494,Polygon,
Ruruma,3,Coast,Kilifi,Kaloleni,KE1181,,68,Polygon,
Rusinga Island,6,Nyanza,Suba,Mbita,KE1182,,1253,Polygon,
Rware,1,Central,Nyeri,Nyeri Municipality,KE1183,,492,Polygon,
Rwathia,5,Central,Murang'a,Kangema,KE1184,,518,Polygon,
Sagamian,1,Rift Valley,Narok,,KE1185,,906,Polygon,spelling
Sogoo,1,Rift Valley,Narok,,KE1186,,905,Polygon,spelling
Sabaki,1,Coast,Malindi,Malindi,KE1187,,85,Polygon,
Sabena,2,North Eastern,Garissa,Shant-abak,KE1188,,144,Polygon,
Saboti,2,Rift Valley,Trans Nzoia,Saboti,KE1189,,686,Polygon,
Sacho,9,Rift Valley,Baringo,Sacho,KE1190,,794,Polygon,
Sagala,4,Coast,Taita,Voi,KE1191,,126,Polygon,
Sagante/Jaldessa,6,Eastern,Marsabit,Gadhamoji,KE1192,,233,Polygon,spelling
Saka,3,North Eastern,Garissa,Balambala,KE1193,,138,Polygon,
Sala,7,Coast,Tana River,Madogo,KE1194,,99,Polygon,
Salama,9,Rift Valley,Laikipia,Rumuruti,KE1195,,816,Polygon,
Sambirir,19,Rift Valley,Elgeyo Marakwet,Tirap,KE1196,,732,Polygon,
Sameta/Mokwerero,3,Nyanza,Gucha (kisii South),Sameta,KE1197,,1321,Polygon,
Sangailu,5,North Eastern,Ijara,Sangailu,KE1198,,158,Polygon,
Sangalo/Kebulonik,5,Rift Valley,Nandi,Kabiyet,KE1199,,780,Polygon,
Sanghor/Soba,19,Rift Valley,Nandi,Tinderet,KE1200,,751,Polygon,spelling
Sango,2,Western,Kakamega,Likuyani,KE1201,,998,Polygon,
Sankuri,7,North Eastern,Garissa,Sankuri,KE1202,,139,Polygon,
Sarang'ombe,1,Nairobi,Nairobi,Kibera,KE1203,,1390,Polygon,
Sarman,3,North Eastern,Wajir,Tarbaji,KE1204,,173,Polygon,
Segera,5,Rift Valley,Laikipia,Central,KE1205,,823,Polygon,
Segero,5,Rift Valley,Uasin Gishu,Soy,KE1206,,,,
Sekerr,7,Rift Valley,West Pokot,Sigor,KE1207,,647,Polygon,
Sengwer,8,Rift Valley,Elgeyo Marakwet,Kapcherop,KE1208,,736,Polygon,
Sensi,2,Nyanza,Kisii Central,Marani,KE1209,,1338,Polygon,
Sergoit,3,Rift Valley,Uasin Gishu,Moiben,KE1210,,715,Polygon,
Sericho,9,Eastern,Isiolo,Sericho,KE1211,,250,Polygon,
Shaabab,1,Rift Valley,Nakuru,Municipality,KE1212,,875,Polygon,
Shaf Shafey,3,North Eastern,Mandera,Central,KE1213,,,,
Shamakhokho,5,Western,Vihiga,Tiriki East,KE1214,,1063,Polygon,
Shamata,5,Central,Nyandarua,Ndaragwa,KE1215,,465,Polygon,
Shankoe,7,Rift Valley,Transmara,Kilgoris,KE1216,,884,Polygon,
Shanzu,2,Coast,Mombasa,Kisauni,KE1217,,15,Polygon,
Shauri moyo/Kaloleni,1,Nyanza,Kisumu,Winam,KE1218,,1198,Polygon,spelling
Shella,7,Coast,Lamu,Amu,KE1219,,104,Polygon,
Sheywe,2,Western,Kakamega,Municipality,KE1220,,1012,Polygon,
Shika Adab,2,Coast,Mombasa,Likoni,KE1221,,22,Polygon,
Shimanzi/Ganjoni,3,Coast,Mombasa,Island,KE1222,,29,Polygon,
Shimbir Fatuma,4,North Eastern,Mandera,Shimbir Fatuma,KE1223,,210,Polygon,
Shimo La Tewa,2,Coast,Kilifi,Kikambala,KE1224,,60,Polygon,
Shinoyi/Shikomari,3,Western,Kakamega,Lurambi,KE1225,,1016,Polygon,spelling
Shirere,1,Western,Kakamega,Municipality,KE1226,,1014,Polygon,
Shiru,4,Western,Vihiga,Tiriki East,KE1227,,1061,Polygon,
Shirugu/Mugai,4,Western,Kakamega,Kabras,KE1228,,1007,Polygon,spelling
Siana,1,Rift Valley,Narok,,KE1229,,909,Polygon,
Siaya Town,5,Nyanza,Siaya,Boro,KE1230,,1166,Polygon,
Siboti,4,Western,Bungoma,Bumula,KE1231,,1095,Polygon,
Sigomere,8,Nyanza,Siaya,Ugunja,KE1232,,1161,Polygon,
Sigona,2,Central,Kiambu,Kikuyu,KE1233,,598,Polygon,
Sigor,9,Rift Valley,Bomet,Sigor,KE1234,,973,Polygon,
Sigowet,4,Rift Valley,Kericho,Sigowet,KE1235,,962,Polygon,
Sikhendu,1,Rift Valley,Trans Nzoia,Kiminini,KE1236,,692,Polygon,
Silale,3,Rift Valley,Baringo,Nginyang,KE1237,,784,Polygon,
Silibwet Township,4,Rift Valley,Bomet,Bomet Central,KE1238,,981,Polygon,
Simat/Kapseret,3,Rift Valley,Uasin Gishu,Kapsaret,KE1239,,722,Polygon,
Sindindi,6,Nyanza,Siaya,Ugunja,KE1240,,1160,Polygon,spelling
Singorwet,4,Rift Valley,Bomet,Bomet Central,KE1241,,983,Polygon,
Sinoko,4,Western,Kakamega,Likuyani,KE1242,,1001,Polygon,
Sinyerere,1,Rift Valley,Trans Nzoia,Kaplamai,KE1243,,694,Polygon,
Siongiroi,8,Rift Valley,Bomet,Siongiroi,KE1244,,975,Polygon,
Sirende,1,Rift Valley,Trans Nzoia,Central,KE1245,,690,Polygon,
Sirikwa,2,Rift Valley,Nakuru,Bahati,KE1246,,855,Polygon,
Sitatunga,1,Rift Valley,Trans Nzoia,Kaplamai,KE1247,,700,Polygon,
Sitikho,4,Western,Bungoma,Webuye,KE1248,,1108,Polygon,
Siyoi,9,Rift Valley,West Pokot,Kapenguria,KE1249,,644,Polygon,
Soin,16,Rift Valley,Nakuru,Rongai,KE1250,,965,Polygon,
Sokoke,13,Coast,Kilifi,Vitengeni,KE1251,,74,Polygon,
Sokoni,2,Coast,Kilifi,Bahari,KE1252,,52,Polygon,
Solai,7,Rift Valley,Nakuru,Mbogoini,KE1253,,864,Polygon,
Soliat,13,Rift Valley,Kericho,Soin,KE1254,,964,Polygon,
Sololo,4,Eastern,Moyale,Obbu,KE1255,,222,Polygon,
Songot,4,Rift Valley,Turkana,Lokichoggio,KE1256,,620,Polygon,
Sook,11,Rift Valley,West Pokot,Chepareria,KE1257,,646,Polygon,
Sosiani,7,Rift Valley,Laikipia,Rumuruti,KE1258,,822,Polygon,
South 'C',1,Nairobi,Nairobi,Kibera,KE1259,,1384,Polygon,
South Alego,7,Nyanza,Siaya,Karemo,KE1260,,,,
South Bukusu,3,Western,Bungoma,Bumula,KE1261,,1089,Polygon,
South East Alego,4,Nyanza,Siaya,Karemo,KE1262,,1168,Polygon,
South East Nyakach,3,Nyanza,Nyando,Upper Nyakach,KE1263,,1220,Polygon,
South Gem,8,Nyanza,Siaya,Wagai,KE1264,,1174,Polygon,
South Kabras,4,Western,Kakamega,Kabras,KE1265,,1008,Polygon,
South Kanyajuok,5,Nyanza,Migori,Rongo,KE1266,,,,
South Kanyamkago,4,Nyanza,Migori,Uriri,KE1267,,1280,Polygon,
South Maragoli,4,Western,Vihiga,Vihiga,KE1268,,1052,Polygon,
South Sakwa,15,Nyanza,Bondo,Maranda,KE1269,,1266,Polygon,
South Uyoma,3,Nyanza,Bondo,Madiany,KE1270,,1184,Polygon,
South West Kisumu,3,Nyanza,Kisumu,Winam,KE1271,,1191,Polygon,
South West Nyakach,3,Nyanza,Nyando,Upper Nyakach,KE1272,,1216,Polygon,
Soy,2,Rift Valley,Uasin Gishu,Soy,KE1273,,706,Polygon,
Soy North,10,Rift Valley,Elgeyo Marakwet,Soy,KE1274,,747,Polygon,
Soy South,11,Rift Valley,Elgeyo Marakwet,Soy,KE1275,,748,Polygon,
Soysambu/Mitua,2,Western,Bungoma,Tongaren,KE1276,,1120,Polygon,spelling
Spring Valley/Matopeni,2,Nairobi,Nairobi,Embakasi,KE1277,,1420,Polygon,
Suam,6,Rift Valley,West Pokot,Kacheliba,KE1278,,651,Polygon,
Subukia,7,Rift Valley,Nakuru,Mbogoini,KE1279,,857,Polygon,
Suguta Marmar,6,Rift Valley,Samburu,Lorroki,KE1280,,662,Polygon,spelling
Sukha Central,4,Western,Kakamega,Shinyalu,KE1281,,1043,Polygon,
Sukha East,3,Western,Kakamega,Ileho,KE1282,,,,
Sukha North,4,Western,Kakamega,Ileho,KE1283,,,,
Sukha South,5,Western,Kakamega,Shinyalu,KE1284,,,,
Suna Central,2,Nyanza,Migori,Suba East,KE1285,,1270,Polygon,
Suswa,1,Rift Valley,Narok,,KE1286,,900,Polygon,
Syokimau/Mlolongo,1,Eastern,Machakos,Athi River,KE1287,,397,Polygon,
Tabaka,3,Nyanza,Gucha (kisii South),Nyamarambe,KE1288,,1305,Polygon,
Tagare,4,Nyanza,Kuria,Mabera,KE1289,,1294,Polygon,
Takaba,2,North Eastern,Mandera,Takaba,KE1290,,192,Polygon,
Takaba South,3,North Eastern,Mandera,Takaba,KE1291,,191,Polygon,
Tala,3,Eastern,Machakos,Matungulu,KE1292,,385,Polygon,
Tambach,7,Rift Valley,Elgeyo Marakwet,Tambach,KE1293,,743,Polygon,
Tambua,5,Western,Vihiga,Tiriki West,KE1294,,1066,Polygon,
Tangulbei/Korossi,7,Rift Valley,Baringo,Tangulbei,KE1295,,786,Polygon,spelling
Tapach,9,Rift Valley,West Pokot,Tapach,KE1296,,660,Polygon,
Tapsagoi,4,Rift Valley,Uasin Gishu,Turbo,KE1297,,709,Polygon,
Tarakwa,5,Rift Valley,Uasin Gishu,Kesses,KE1298,,730,Polygon,
Tarbaj,3,North Eastern,Wajir,Tarbaji,KE1299,,174,Polygon,
Tebesonik,7,Rift Valley,Bureti,Roret,KE1300,,951,Polygon,
Tembelio,7,Rift Valley,Uasin Gishu,Moiben,KE1301,,714,Polygon,
Tendeno/Sorget,4,Rift Valley,Kericho,Londiani,KE1302,,939,Polygon,
Tenges,9,Rift Valley,Baringo,Sacho,KE1303,,795,Polygon,
Terik,5,Rift Valley,Nandi,Aldai,KE1304,,756,Polygon,
Tezo,3,Coast,Kilifi,Bahari,KE1305,,51,Polygon,
Thangatha,5,Eastern,Meru North,Tigania East,KE1306,,271,Polygon,
Thange,4,Eastern,Makueni,Kibwezi,KE1307,,439,Polygon,
Tharaka,7,Eastern,Kitui,Mumoni,KE1308,,335,Polygon,
Thegu River,6,Central,Nyeri,Kieni East,KE1309,,474,Polygon,
Theta,1,Central,Thika,Ruiru,KE1310,,560,Polygon,
Thiba,2,Central,Kirinyaga,Mwea,KE1311,,498,Polygon,
Thingithu,2,Rift Valley,Laikipia,Central,KE1312,,819,Polygon,
Tigithi,2,Rift Valley,Laikipia,Lamuria,KE1313,,818,Polygon,
Timau,5,Eastern,Meru Central,Timau,KE1314,,281,Polygon,
Timbwani,1,Coast,Mombasa,Likoni,KE1315,,25,Polygon,
Tinderet,16,Rift Valley,Nandi,Tinderet,KE1316,,752,Polygon,
Tinet,6,Rift Valley,Nakuru,Njoro,KE1317,,852,Polygon,
Ting'ang'a,4,Central,Kiambu,Kiambu Municipality,KE1318,,582,Polygon,
Tirioko,7,Rift Valley,Baringo,Kolowa,KE1319,,781,Polygon,
Tiwi,3,Coast,Kwale,Matuga,KE1320,,41,Polygon,
Tongaren,2,Western,Bungoma,Tongaren,KE1321,,1119,Polygon,
Tononoka,1,Coast,Mombasa,Island,KE1322,,28,Polygon,
Township(Bungoma),1,Western,Bungoma,Kanduyi,KE1323,,,,
Township(Garissa),1,North Eastern,Garissa,Central,KE1324,,,,
Township(Kiambu),3,Central,Kiambu,Kiambu Municipality,KE1325,,,,
Township(Kitui),4,Eastern,Kitui,Central,KE1326,,,,
Township(Mandera),5,North Eastern,Mandera,Central,KE1327,,,,
Township(Moyale),3,Eastern,Moyale,Central,KE1328,,225,Polygon,
Township(Murang'a),2,Central,Murang'a,Kiharu,KE1329,,,,
Township(Nyamira),1,Nyanza,Kisii North (Nyamira),Nyamira,KE1330,,,,
Township(Thika),2,Central,Thika,Thika Municipality,KE1331,,,,
Township(Wajir),3,North Eastern,Wajir,Central,KE1332,,,,
Tseikuru,12,Eastern,Kitui,Tseikuru,KE1333,,334,Polygon,
Tsimba/Golini,5,Coast,Kwale,Matuga,KE1334,,39,Polygon,
Tudor,2,Coast,Mombasa,Island,KE1335,,27,Polygon,
Tulimani,12,Eastern,Makueni,Tulimani,KE1336,,411,Polygon,
Tulwet/Chuiyat,4,Rift Valley,Uasin Gishu,Kesses,KE1337,,729,Polygon,spelling
Turbi,4,Eastern,Marsabit,Turbi,KE1338,,230,Polygon,
Turi,2,Rift Valley,Nakuru,Njoro,KE1339,,828,Polygon,
Turkwel,9,Rift Valley,Turkana,Turkwel,KE1340,,630,Polygon,
Marakaru/Tuuti,1,Western,Bungoma,Kanduyi,KE1341,,1102,Polygon,spelling
Tuwani,2,Rift Valley,Trans Nzoia,Central,KE1342,,685,Polygon,
Ugunja,8,Nyanza,Siaya,Ugunja,KE1343,,1162,Polygon,
Ukia,16,Eastern,Makueni,Kaiti,KE1344,,420,Polygon,
Ukunda,1,Coast,Kwale,Msambweni,KE1345,,32,Polygon,
Ukwala,7,Nyanza,Siaya,Ukwala,KE1346,,1157,Polygon,
Umoja One,1,Nairobi,Nairobi,Embakasi,KE1347,,1426,Polygon,
Umoja Two,1,Nairobi,Nairobi,Embakasi,KE1348,,1427,Polygon,
Upper Kaewa/Iveti,5,Eastern,Machakos,Kathiani,KE1349,,392,Polygon,
Upper Savanna,1,Nairobi,Nairobi,Embakasi,KE1350,,1421,Polygon,
Uran,7,Eastern,Moyale,Uran,KE1351,,226,Polygon,
Usonga,3,Nyanza,Siaya,Uranga,KE1352,,1163,Polygon,
Utalii,2,Nairobi,Nairobi,Kasarani,KE1353,,1402,Polygon,
Utawala,1,Nairobi,Nairobi,Embakasi,KE1354,,1424,Polygon,
Uthiru,1,Central,Kiambu,Kikuyu,KE1355,,595,Polygon,
Uthiru/Ruthimutu,3,Nairobi,Nairobi,Dagoretti,KE1356,,1379,Polygon,
Visoi,8,Rift Valley,Nakuru,Rongai,KE1357,,862,Polygon,
Viwanda,1,Rift Valley,Nakuru,Olenguruone,KE1358,,843,Polygon,
Viwandani,1,Nairobi,Nairobi,Makadara,KE1359,,1431,Polygon,
Voo/kyamatu,8,Eastern,Kitui,Mwitika,KE1360,,362,Polygon,
Wusi/Kishamba,6,Coast,Taita,Mwatate,KE1361,,124,Polygon,
Waa,5,Coast,Kwale,Matuga,KE1362,,40,Polygon,
Wabera,1,Eastern,Isiolo,Central,KE1363,,241,Polygon,
Waberi,1,North Eastern,Garissa,Central,KE1364,,131,Polygon,
Wagalla,1,North Eastern,Wajir,Griftu,KE1365,,,,
Wagberi,1,North Eastern,Wajir,Central,KE1366,,168,Polygon,
Waia/Kako,10,Eastern,Makueni,Kisau,KE1367,,415,Polygon,
Waita,7,Eastern,Kitui,Migwani,KE1368,,345,Polygon,
Waitaluk,1,Rift Valley,Trans Nzoia,Central,KE1369,,689,Polygon,
Waithaka,2,Nairobi,Nairobi,Dagoretti,KE1370,,1380,Polygon,
Waldai,3,Rift Valley,Kericho,Belgut,KE1371,,957,Polygon,
Wamagana,15,Central,Nyeri,Tetu,KE1372,,467,Polygon,
Wamba East,6,Rift Valley,Samburu,Wamba,KE1373,,674,Polygon,
Wamba North,6,Rift Valley,Samburu,Wamba,KE1374,,675,Polygon,
Wamba West,11,Rift Valley,Samburu,Wamba,KE1375,,673,Polygon,
Wamumu,1,Central,Kirinyaga,Mwea,KE1376,,499,Polygon,
Wamunyu,7,Eastern,Machakos,Yathui,KE1377,,409,Polygon,
Wang'chieng,9,Nyanza,Rachuonyo,East Karachuonyo,KE1378,,1235,Polygon,
Wangu,6,Central,Murang'a,Kahuro,KE1379,,522,Polygon,
Wanjohi,4,Central,Nyandarua,Kipipiri,KE1380,,449,Polygon,
Waranqara,4,North Eastern,Mandera,Waranqara,KE1381,,219,Polygon,
Wargadud,8,North Eastern,Wajir,Kotulo,KE1382,,175,Polygon,
Wasimbete,4,Nyanza,Migori,Suba West,KE1383,,1276,Polygon,
Waso,6,Rift Valley,Samburu,Waso,KE1384,,672,Polygon,
Wasweta II,2,Nyanza,Migori,Suba West,KE1385,,1274,Polygon,
Watamu,4,Coast,Malindi,Malindi,KE1386,,56,Polygon,
Wayu,6,Coast,Tana River,Galole,KE1387,,95,Polygon,
Wei Wei,12,Rift Valley,West Pokot,Sigor,KE1388,,650,Polygon,
Wemilabi,6,Western,Vihiga,Emuhaya,KE1389,,1069,Polygon,
Weru,4,Central,Nyandarua,Ol Joro Orok,KE1390,,460,Polygon,
Werugha,5,Coast,Taita,Wundanyi,KE1391,,117,Polygon,
West  Asembo,5,Nyanza,Bondo,Rarieda,KE1392,,1182,Polygon,
West Alego,10,Nyanza,Siaya,Uranga,KE1393,,1164,Polygon,
West Bukusu,4,Western,Bungoma,Bumula,KE1394,,1094,Polygon,
West Bunyore,5,Western,Vihiga,Luanda,KE1395,,1075,Polygon,
West Gem,10,Nyanza,Siaya,Wagai,KE1396,,1170,Polygon,
West Kabras,3,Western,Kakamega,Kabras,KE1397,,1002,Polygon,
West Kanyamkago,3,Nyanza,Migori,Uriri,KE1398,,1277,Polygon,
West Karachuonyo,8,Nyanza,Rachuonyo,West Karachuonyo,KE1399,,1230,Polygon,
West Kasipul,9,Nyanza,Rachuonyo,Kasipul,KE1400,,1221,Polygon,
West Kisumu,5,Nyanza,Kisumu,Maseno,KE1401,,1194,Polygon,
West Nalondo,2,Western,Bungoma,Nalondo,KE1402,,1086,Polygon,
West Nyakach,5,Nyanza,Nyando,Upper Nyakach,KE1403,,1219,Polygon,
West Sabatia,5,Western,Vihiga,Sabatia,KE1404,,1056,Polygon,
West Sakwa,9,Nyanza,Bondo,Maranda,KE1405,,1267,Polygon,
West Sang'alo,2,Western,Bungoma,Kanduyi,KE1406,,1103,Polygon,
West Seme,10,Nyanza,Kisumu,Kombewa,KE1407,,1202,Polygon,
West Ugenya,9,Nyanza,Siaya,Ukwala,KE1408,,1156,Polygon,
West Uyoma,5,Nyanza,Bondo,Madiany,KE1409,,1185,Polygon,
Wiga,4,Nyanza,Migori,Suba West,KE1410,,1273,Polygon,
Witeithie,2,Central,Thika,Ruiru,KE1411,,562,Polygon,
Witu,4,Coast,Lamu,Witu,KE1412,,109,Polygon,
Wodanga,5,Western,Vihiga,Sabatia,KE1413,,1059,Polygon,
Woodley/Kenyatta Golf,3,Nairobi,Nairobi,Dagoretti,KE1414,,1389,Polygon,
Wote,6,Eastern,Makueni,Wote,KE1415,,424,Polygon,
Wumingu/kishushe,5,Coast,Taita,Wundanyi,KE1416,,118,Polygon,
Wundanyi,7,Coast,Taita,Wundanyi,KE1417,,116,Polygon,spelling
Yala Township,3,Nyanza,Siaya,Yala,KE1418,,1172,Polygon,
Yimbo East,6,Nyanza,Bondo,Usigu,KE1419,,1178,Polygon,
Yimbo West,4,Nyanza,Bondo,Usigu,KE1420,,1175,Polygon,
Zimmerman,2,Nairobi,Nairobi,Kasarani,KE1421,,1393,Polygon,
Ziwa,4,Rift Valley,Uasin Gishu,Soy,KE1422,,703,Polygon,
Ziwani/Kariokor,1,Nairobi,Nairobi,Central,KE1423,,1442,Polygon,
Kabuoch South/Pala,3,Nyanza,Homa Bay,Riana,KE0002,,1249,Polygon,
Homa Bay Central,3,Nyanza,Homa Bay,Asego,KE0329,,1241,Polygon,
Homa Bay Arujo,3,Nyanza,Homa Bay,Asego,KE0328,,1242,Polygon,